State,Year,Sex,LaborForce,UnemploymentRate,Employed,Unemployed,BusinessOwnersPSTS
AK,2014,Male,209688.0,7.9,193046.0,16642.0,943.0
AK,2014,Female,172007.0,7.3,159485.0,12522.0,268.0
AK,2015,Male,212239.0,8.9,193392.0,18847.0,894.0
AK,2015,Female,172926.0,6.7,161374.0,11552.0,306.0
AK,2016,Male,211485.0,8.7,193057.0,18428.0,905.0
AK,2016,Female,176577.0,7.1,164041.0,12536.0,338.0
AK,2017,Male,202050.0,8.5,184802.0,17248.0,948.0
AK,2017,Female,171199.0,6.4,160180.0,11019.0,471.0
AK,2018,Male,199772.0,8.1,183641.0,16131.0,898.0
AK,2018,Female,171407.0,5.4,162128.0,9279.0,516.0
AK,2019,Male,194429.0,5.8,183089.0,11340.0,932.0
AK,2019,Female,164232.0,5.7,154922.0,9310.0,0.0
AK,2020,Male,,,,,845.0
AK,2020,Female,,,,,531.0
AK,2021,Male,187581.0,7.3,173973.0,13608.0,1012.0
AK,2021,Female,164975.0,6.7,153980.0,10995.0,477.0
AK,2022,Male,197380.0,5.0,187542.0,9838.0,1004.0
AK,2022,Female,164305.0,4.0,157659.0,6646.0,475.0
AK,2023,Male,195149.0,5.2,185089.0,10060.0,780.0
AK,2023,Female,167816.0,4.4,160371.0,7445.0,493.0
AK,2024,Male,,,,,
AK,2024,Female,,,,,
AK,2025,Male,,,,,
AK,2025,Female,,,,,
AL,2014,Male,1163399.0,8.5,1063971.0,99428.0,5435.0
AL,2014,Female,1057316.0,8.6,966511.0,90805.0,1575.0
AL,2015,Male,1146486.0,6.9,1067761.0,78725.0,5418.0
AL,2015,Female,1051176.0,7.5,972357.0,78819.0,1433.0
AL,2016,Male,1142974.0,6.3,1070691.0,72283.0,5545.0
AL,2016,Female,1076314.0,6.4,1007634.0,68680.0,1341.0
AL,2017,Male,1140632.0,5.8,1074365.0,66267.0,5788.0
AL,2017,Female,1053555.0,5.9,991520.0,62035.0,1721.0
AL,2018,Male,1152608.0,5.6,1088629.0,63979.0,5389.0
AL,2018,Female,1066498.0,5.7,1005642.0,60856.0,1711.0
AL,2019,Male,1179746.0,4.8,1123381.0,56365.0,5661.0
AL,2019,Female,1085343.0,5.1,1030086.0,55257.0,0.0
AL,2020,Male,,,,,5658.0
AL,2020,Female,,,,,1782.0
AL,2021,Male,1198910.0,5.4,1134148.0,64762.0,5596.0
AL,2021,Female,1115813.0,5.3,1056767.0,59046.0,1544.0
AL,2022,Male,1237588.0,3.9,1189585.0,48003.0,5128.0
AL,2022,Female,1144145.0,4.8,1088909.0,55236.0,2064.0
AL,2023,Male,1232088.0,4.1,1181728.0,50360.0,5415.0
AL,2023,Female,1161912.0,3.9,1116213.0,45699.0,2076.0
AL,2024,Male,,,,,
AL,2024,Female,,,,,
AL,2025,Male,,,,,
AL,2025,Female,,,,,
AR,2014,Male,725540.0,7.0,674746.0,50794.0,3396.0
AR,2014,Female,635529.0,6.5,594346.0,41183.0,796.0
AR,2015,Male,712539.0,5.9,670323.0,42216.0,3469.0
AR,2015,Female,637275.0,5.7,600740.0,36535.0,868.0
AR,2016,Male,702621.0,5.3,665161.0,37460.0,3567.0
AR,2016,Female,649085.0,4.9,617515.0,31570.0,997.0
AR,2017,Male,714164.0,5.8,672719.0,41445.0,3313.0
AR,2017,Female,659212.0,5.3,624162.0,35050.0,1026.0
AR,2018,Male,722059.0,4.5,689487.0,32572.0,3527.0
AR,2018,Female,657088.0,4.5,627788.0,29300.0,1127.0
AR,2019,Male,725635.0,5.1,688367.0,37268.0,3536.0
AR,2019,Female,666598.0,4.5,636724.0,29874.0,1242.0
AR,2020,Male,,,,,3506.0
AR,2020,Female,,,,,1055.0
AR,2021,Male,732691.0,6.1,687732.0,44959.0,3495.0
AR,2021,Female,668306.0,4.9,635779.0,32527.0,1350.0
AR,2022,Male,741235.0,4.1,710594.0,30641.0,3280.0
AR,2022,Female,656684.0,4.8,624966.0,31718.0,1302.0
AR,2023,Male,754672.0,4.5,720754.0,33918.0,3466.0
AR,2023,Female,680589.0,3.8,654797.0,25792.0,1314.0
AR,2024,Male,,,,,
AR,2024,Female,,,,,
AR,2025,Male,,,,,
AR,2025,Female,,,,,
AZ,2014,Male,1672215.0,8.1,1536201.0,136014.0,8795.0
AZ,2014,Female,1441419.0,7.7,1330428.0,110991.0,3703.0
AZ,2015,Male,1677918.0,6.7,1564955.0,112963.0,8414.0
AZ,2015,Female,1476032.0,7.0,1372555.0,103477.0,3157.0
AZ,2016,Male,1731189.0,6.6,1616370.0,114819.0,8826.0
AZ,2016,Female,1511443.0,6.4,1415411.0,96032.0,3225.0
AZ,2017,Male,1776056.0,5.7,1674070.0,101986.0,9466.0
AZ,2017,Female,1542619.0,5.9,1451884.0,90735.0,3770.0
AZ,2018,Male,1808628.0,5.4,1710664.0,97964.0,9076.0
AZ,2018,Female,1588265.0,5.3,1504472.0,83793.0,4332.0
AZ,2019,Male,1850131.0,5.0,1757623.0,92508.0,9854.0
AZ,2019,Female,1632039.0,5.2,1547679.0,84360.0,3810.0
AZ,2020,Male,,,,,10090.0
AZ,2020,Female,,,,,4628.0
AZ,2021,Male,1887691.0,5.7,1779775.0,107916.0,10380.0
AZ,2021,Female,1630864.0,5.9,1535024.0,95840.0,4395.0
AZ,2022,Male,1935416.0,4.1,1855786.0,79630.0,10366.0
AZ,2022,Female,1660197.0,4.5,1585890.0,74307.0,4948.0
AZ,2023,Male,1940943.0,3.8,1866248.0,74695.0,10731.0
AZ,2023,Female,1707785.0,4.7,1627295.0,80490.0,4843.0
AZ,2024,Male,,,,,
AZ,2024,Female,,,,,
AZ,2025,Male,,,,,
AZ,2025,Female,,,,,
CA,2014,Male,10423181.0,8.5,9538063.0,885118.0,68497.0
CA,2014,Female,8853538.0,8.5,8100089.0,753449.0,22556.0
CA,2015,Male,10526500.0,7.2,9771350.0,755150.0,69952.0
CA,2015,Female,8937307.0,7.4,8274100.0,663207.0,22963.0
CA,2016,Male,10601486.0,6.4,9923845.0,677641.0,70682.0
CA,2016,Female,9019103.0,6.6,8419413.0,599690.0,24797.0
CA,2017,Male,10776884.0,5.9,10142308.0,634576.0,71773.0
CA,2017,Female,9159168.0,5.9,8615193.0,543975.0,26783.0
CA,2018,Male,10795854.0,5.4,10211871.0,583983.0,73524.0
CA,2018,Female,9242822.0,5.7,8718141.0,524681.0,27519.0
CA,2019,Male,10809726.0,5.0,10268688.0,541038.0,73831.0
CA,2019,Female,9286035.0,5.1,8809413.0,476622.0,28551.0
CA,2020,Male,,,,,74965.0
CA,2020,Female,,,,,30781.0
CA,2021,Male,10672274.0,8.0,9819167.0,853107.0,79662.0
CA,2021,Female,9133097.0,8.7,8336884.0,796213.0,30675.0
CA,2022,Male,10789117.0,5.2,10231260.0,557857.0,78406.0
CA,2022,Female,9214682.0,5.5,8711717.0,502965.0,33484.0
CA,2023,Male,10778442.0,5.6,10173825.0,604617.0,78581.0
CA,2023,Female,9358980.0,5.4,8852741.0,506239.0,33432.0
CA,2024,Male,,,,,
CA,2024,Female,,,,,
CA,2025,Male,,,,,
CA,2025,Female,,,,,
CO,2014,Male,1533467.0,5.6,1448165.0,85302.0,13528.0
CO,2014,Female,1321453.0,5.3,1251117.0,70336.0,5703.0
CO,2015,Male,1569579.0,5.3,1485661.0,83918.0,14179.0
CO,2015,Female,1347139.0,5.0,1279454.0,67685.0,5799.0
CO,2016,Male,1597091.0,4.9,1519592.0,77499.0,14009.0
CO,2016,Female,1370683.0,4.6,1307748.0,62935.0,6301.0
CO,2017,Male,1623353.0,4.3,1553053.0,70300.0,14433.0
CO,2017,Female,1403832.0,4.1,1346873.0,56959.0,6345.0
CO,2018,Male,1663674.0,4.2,1594353.0,69321.0,15912.0
CO,2018,Female,1441618.0,3.7,1388441.0,53177.0,0.0
CO,2019,Male,1693530.0,3.6,1632049.0,61481.0,14975.0
CO,2019,Female,1454140.0,3.7,1400124.0,54016.0,6643.0
CO,2020,Male,,,,,14864.0
CO,2020,Female,,,,,7172.0
CO,2021,Male,1702573.0,5.4,1611034.0,91539.0,15670.0
CO,2021,Female,1468104.0,5.2,1391072.0,77032.0,7195.0
CO,2022,Male,1745885.0,3.4,1685654.0,60231.0,15309.0
CO,2022,Female,1498503.0,3.5,1445490.0,53013.0,7391.0
CO,2023,Male,1740129.0,3.7,1676353.0,63776.0,15097.0
CO,2023,Female,1535901.0,3.9,1475341.0,60560.0,7396.0
CO,2024,Male,,,,,
CO,2024,Female,,,,,
CO,2025,Male,,,,,
CO,2025,Female,,,,,
CT,2014,Male,1010408.0,8.3,926447.0,83961.0,6464.0
CT,2014,Female,942419.0,7.4,872311.0,70108.0,1519.0
CT,2015,Male,996179.0,7.1,925935.0,70244.0,6566.0
CT,2015,Female,945413.0,6.8,881163.0,64250.0,1361.0
CT,2016,Male,991708.0,6.5,926932.0,64776.0,6428.0
CT,2016,Female,943945.0,6.3,884837.0,59108.0,1584.0
CT,2017,Male,985266.0,6.3,923000.0,62266.0,5784.0
CT,2017,Female,937117.0,5.9,882023.0,55094.0,1394.0
CT,2018,Male,994108.0,5.8,936481.0,57627.0,5820.0
CT,2018,Female,934814.0,5.2,886070.0,48744.0,1434.0
CT,2019,Male,990378.0,5.7,933909.0,56469.0,5588.0
CT,2019,Female,936108.0,4.9,890006.0,46102.0,1410.0
CT,2020,Male,,,,,5576.0
CT,2020,Female,,,,,1380.0
CT,2021,Male,1003986.0,7.1,933034.0,70952.0,5729.0
CT,2021,Female,936589.0,6.3,877908.0,58681.0,1590.0
CT,2022,Male,1013802.0,5.1,962236.0,51566.0,5363.0
CT,2022,Female,940297.0,4.4,899266.0,41031.0,1516.0
CT,2023,Male,1012417.0,4.7,965105.0,47312.0,5512.0
CT,2023,Female,962451.0,4.5,919020.0,43431.0,1731.0
CT,2024,Male,,,,,
CT,2024,Female,,,,,
CT,2025,Male,,,,,
CT,2025,Female,,,,,
DC,2014,Male,182208.0,9.6,164672.0,17536.0,2829.0
DC,2014,Female,196978.0,8.2,180920.0,16058.0,805.0
DC,2015,Male,189480.0,7.2,175876.0,13604.0,2661.0
DC,2015,Female,199934.0,7.3,185303.0,14631.0,970.0
DC,2016,Male,188606.0,6.0,177215.0,11391.0,2585.0
DC,2016,Female,203310.0,7.7,187582.0,15728.0,963.0
DC,2017,Male,194606.0,6.2,182464.0,12142.0,2779.0
DC,2017,Female,210900.0,6.9,196316.0,14584.0,1004.0
DC,2018,Male,196073.0,7.5,181331.0,14742.0,3059.0
DC,2018,Female,215984.0,7.6,199652.0,16332.0,0.0
DC,2019,Male,197389.0,7.2,183090.0,14299.0,3002.0
DC,2019,Female,216353.0,5.4,204736.0,11617.0,980.0
DC,2020,Male,,,,,2818.0
DC,2020,Female,,,,,1113.0
DC,2021,Male,187353.0,8.8,170939.0,16414.0,2682.0
DC,2021,Female,199794.0,7.7,184459.0,15335.0,0.0
DC,2022,Male,188843.0,5.6,178328.0,10515.0,2639.0
DC,2022,Female,206238.0,4.7,196554.0,9684.0,1107.0
DC,2023,Male,195013.0,5.7,183808.0,11205.0,2681.0
DC,2023,Female,211647.0,4.8,201466.0,10181.0,1093.0
DC,2024,Male,,,,,
DC,2024,Female,,,,,
DC,2025,Male,,,,,
DC,2025,Female,,,,,
DE,2014,Male,238051.0,6.8,221880.0,16171.0,1576.0
DE,2014,Female,234940.0,6.7,219264.0,15676.0,417.0
DE,2015,Male,240727.0,6.4,225225.0,15502.0,1557.0
DE,2015,Female,234482.0,5.2,222291.0,12191.0,397.0
DE,2016,Male,238641.0,5.9,224558.0,14083.0,1601.0
DE,2016,Female,232358.0,5.4,219763.0,12595.0,374.0
DE,2017,Male,235697.0,5.3,223263.0,12434.0,1933.0
DE,2017,Female,224979.0,5.3,213113.0,11866.0,510.0
DE,2018,Male,246782.0,5.9,232197.0,14585.0,2028.0
DE,2018,Female,239510.0,5.5,226237.0,13273.0,535.0
DE,2019,Male,246504.0,4.5,235355.0,11149.0,2033.0
DE,2019,Female,242188.0,4.7,230706.0,11482.0,0.0
DE,2020,Male,,,,,2239.0
DE,2020,Female,,,,,583.0
DE,2021,Male,245762.0,5.9,231347.0,14415.0,2227.0
DE,2021,Female,242474.0,5.2,229749.0,12725.0,878.0
DE,2022,Male,266048.0,3.7,256298.0,9750.0,2303.0
DE,2022,Female,254945.0,4.9,242423.0,12522.0,0.0
DE,2023,Male,264245.0,3.5,254913.0,9332.0,2571.0
DE,2023,Female,258176.0,3.4,249416.0,8760.0,770.0
DE,2024,Male,,,,,
DE,2024,Female,,,,,
DE,2025,Male,,,,,
DE,2025,Female,,,,,
FL,2014,Male,4958540.0,8.0,4561665.0,396875.0,40278.0
FL,2014,Female,4545111.0,8.1,4177305.0,367806.0,16509.0
FL,2015,Male,5024136.0,7.2,4663492.0,360644.0,41031.0
FL,2015,Female,4644149.0,6.8,4326729.0,317420.0,18983.0
FL,2016,Male,5113226.0,5.8,4816004.0,297222.0,43777.0
FL,2016,Female,4692162.0,6.2,4403484.0,288678.0,18764.0
FL,2017,Male,5249856.0,5.5,4962607.0,287249.0,45103.0
FL,2017,Female,4791131.0,5.5,4526135.0,264996.0,19062.0
FL,2018,Male,5352533.0,5.1,5078933.0,273600.0,47127.0
FL,2018,Female,4913252.0,5.2,4656007.0,257245.0,18863.0
FL,2019,Male,5408746.0,4.5,5164785.0,243961.0,45326.0
FL,2019,Female,5021221.0,4.5,4793733.0,227488.0,20915.0
FL,2020,Male,,,,,48573.0
FL,2020,Female,,,,,21340.0
FL,2021,Male,5548656.0,5.5,5243601.0,305055.0,50254.0
FL,2021,Female,5026772.0,5.7,4739660.0,287112.0,22997.0
FL,2022,Male,5731698.0,3.9,5506792.0,224906.0,51753.0
FL,2022,Female,5192393.0,4.0,4982424.0,209969.0,23039.0
FL,2023,Male,5834640.0,3.8,5612515.0,222125.0,52979.0
FL,2023,Female,5356504.0,4.4,5118680.0,237824.0,23794.0
FL,2024,Male,,,,,
FL,2024,Female,,,,,
FL,2025,Male,,,,,
FL,2025,Female,,,,,
GA,2014,Male,2519907.0,8.0,2318083.0,201824.0,17069.0
GA,2014,Female,2349798.0,8.6,2148224.0,201574.0,6423.0
GA,2015,Male,2555775.0,6.9,2379783.0,175992.0,17087.0
GA,2015,Female,2402057.0,7.3,2225850.0,176207.0,6407.0
GA,2016,Male,2597547.0,5.7,2450484.0,147063.0,17747.0
GA,2016,Female,2438929.0,6.3,2285463.0,153466.0,6476.0
GA,2017,Male,2651808.0,5.3,2510196.0,141612.0,17788.0
GA,2017,Female,2486077.0,6.2,2331649.0,154428.0,6418.0
GA,2018,Male,2678348.0,4.5,2558108.0,120240.0,17225.0
GA,2018,Female,2525014.0,5.1,2395358.0,129656.0,7425.0
GA,2019,Male,2690785.0,4.8,2561761.0,129024.0,16921.0
GA,2019,Female,2563349.0,4.8,2440392.0,122957.0,7434.0
GA,2020,Male,,,,,18804.0
GA,2020,Female,,,,,6978.0
GA,2021,Male,2730833.0,5.4,2582641.0,148192.0,18488.0
GA,2021,Female,2596411.0,5.6,2449818.0,146593.0,7972.0
GA,2022,Male,2833422.0,3.9,2723387.0,110035.0,18400.0
GA,2022,Female,2669472.0,4.5,2549789.0,119683.0,8210.0
GA,2023,Male,2879044.0,4.5,2749925.0,129119.0,18456.0
GA,2023,Female,2714901.0,4.4,2596629.0,118272.0,8525.0
GA,2024,Male,,,,,
GA,2024,Female,,,,,
GA,2025,Male,,,,,
GA,2025,Female,,,,,
HI,2014,Male,368171.0,6.0,346145.0,22026.0,1792.0
HI,2014,Female,333894.0,4.7,318035.0,15859.0,449.0
HI,2015,Male,372304.0,4.8,354372.0,17932.0,1760.0
HI,2015,Female,337935.0,5.1,320842.0,17093.0,441.0
HI,2016,Male,374791.0,4.5,357986.0,16805.0,1845.0
HI,2016,Female,343492.0,4.4,328501.0,14991.0,438.0
HI,2017,Male,367918.0,4.2,352523.0,15395.0,1686.0
HI,2017,Female,342349.0,4.2,327982.0,14367.0,593.0
HI,2018,Male,365455.0,4.2,350203.0,15252.0,1561.0
HI,2018,Female,346680.0,3.5,334702.0,11978.0,703.0
HI,2019,Male,353808.0,4.2,339001.0,14807.0,1740.0
HI,2019,Female,345072.0,3.6,332767.0,12305.0,885.0
HI,2020,Male,,,,,1832.0
HI,2020,Female,,,,,0.0
HI,2021,Male,349941.0,7.7,322938.0,27003.0,1904.0
HI,2021,Female,340259.0,7.7,314025.0,26234.0,0.0
HI,2022,Male,359609.0,4.0,345284.0,14325.0,1826.0
HI,2022,Female,340318.0,3.3,329248.0,11070.0,694.0
HI,2023,Male,350874.0,3.9,337299.0,13575.0,1637.0
HI,2023,Female,341385.0,3.2,330536.0,10849.0,776.0
HI,2024,Male,,,,,
HI,2024,Female,,,,,
HI,2025,Male,,,,,
HI,2025,Female,,,,,
IA,2014,Male,873645.0,4.7,832309.0,41336.0,3918.0
IA,2014,Female,793607.0,4.1,761281.0,32326.0,1120.0
IA,2015,Male,875831.0,4.2,839299.0,36532.0,3834.0
IA,2015,Female,793490.0,4.1,760594.0,32896.0,1227.0
IA,2016,Male,885332.0,4.2,847962.0,37370.0,3958.0
IA,2016,Female,794515.0,3.6,765656.0,28859.0,1246.0
IA,2017,Male,881209.0,3.7,848262.0,32947.0,3640.0
IA,2017,Female,798581.0,3.4,771338.0,27243.0,1220.0
IA,2018,Male,877547.0,3.7,845207.0,32340.0,3537.0
IA,2018,Female,799169.0,3.6,770792.0,28377.0,1255.0
IA,2019,Male,880772.0,4.0,845709.0,35063.0,3360.0
IA,2019,Female,800141.0,3.4,772847.0,27294.0,1341.0
IA,2020,Male,,,,,3902.0
IA,2020,Female,,,,,1262.0
IA,2021,Male,887454.0,3.8,853528.0,33926.0,3458.0
IA,2021,Female,789277.0,3.3,763005.0,26272.0,1431.0
IA,2022,Male,903595.0,3.0,876389.0,27206.0,3377.0
IA,2022,Female,805393.0,2.9,782218.0,23175.0,1400.0
IA,2023,Male,892818.0,3.2,864048.0,28770.0,3480.0
IA,2023,Female,808635.0,2.3,790232.0,18403.0,1412.0
IA,2024,Male,,,,,
IA,2024,Female,,,,,
IA,2025,Male,,,,,
IA,2025,Female,,,,,
ID,2014,Male,418001.0,6.0,393071.0,24930.0,2524.0
ID,2014,Female,351336.0,5.0,333697.0,17639.0,500.0
ID,2015,Male,421855.0,5.3,399344.0,22511.0,2820.0
ID,2015,Female,364522.0,5.4,344884.0,19638.0,502.0
ID,2016,Male,437705.0,4.7,417190.0,20515.0,2702.0
ID,2016,Female,362586.0,4.7,345598.0,16988.0,561.0
ID,2017,Male,443779.0,4.4,424073.0,19706.0,2480.0
ID,2017,Female,377134.0,3.8,362840.0,14294.0,821.0
ID,2018,Male,454558.0,3.7,437906.0,16652.0,2715.0
ID,2018,Female,385682.0,4.4,368896.0,16786.0,863.0
ID,2019,Male,471626.0,3.5,455166.0,16460.0,2755.0
ID,2019,Female,405724.0,3.1,393057.0,12667.0,966.0
ID,2020,Male,,,,,2735.0
ID,2020,Female,,,,,1086.0
ID,2021,Male,506561.0,3.5,488796.0,17765.0,2845.0
ID,2021,Female,426116.0,3.1,413023.0,13093.0,1008.0
ID,2022,Male,516524.0,3.5,498239.0,18285.0,2873.0
ID,2022,Female,432826.0,2.3,422902.0,9924.0,1376.0
ID,2023,Male,523977.0,3.5,505495.0,18482.0,3307.0
ID,2023,Female,447196.0,3.7,430784.0,16412.0,1191.0
ID,2024,Male,,,,,
ID,2024,Female,,,,,
ID,2025,Male,,,,,
ID,2025,Female,,,,,
IL,2014,Male,3509202.0,8.2,3221223.0,287979.0,25301.0
IL,2014,Female,3172664.0,7.9,2922206.0,250458.0,7269.0
IL,2015,Male,3494117.0,7.1,3246265.0,247852.0,24968.0
IL,2015,Female,3163238.0,6.7,2950259.0,212979.0,7726.0
IL,2016,Male,3470944.0,6.4,3249243.0,221701.0,24580.0
IL,2016,Female,3179574.0,6.2,2982176.0,197398.0,7974.0
IL,2017,Male,3475915.0,6.4,3251765.0,224150.0,24444.0
IL,2017,Female,3166906.0,5.8,2983089.0,183817.0,8273.0
IL,2018,Male,3483928.0,5.5,3291779.0,192149.0,24515.0
IL,2018,Female,3178897.0,5.6,3002307.0,176590.0,7753.0
IL,2019,Male,3436834.0,5.2,3256988.0,179846.0,22870.0
IL,2019,Female,3169882.0,4.4,3029659.0,140223.0,8601.0
IL,2020,Male,,,,,22477.0
IL,2020,Female,,,,,9244.0
IL,2021,Male,3431441.0,7.5,3175575.0,255866.0,22334.0
IL,2021,Female,3130638.0,7.3,2903617.0,227021.0,9134.0
IL,2022,Male,3480424.0,5.0,3307164.0,173260.0,22185.0
IL,2022,Female,3128197.0,4.5,2986643.0,141554.0,8752.0
IL,2023,Male,3457286.0,4.7,3293917.0,163369.0,22355.0
IL,2023,Female,3185375.0,4.7,3035213.0,150162.0,8589.0
IL,2024,Male,,,,,
IL,2024,Female,,,,,
IL,2025,Male,,,,,
IL,2025,Female,,,,,
IN,2014,Male,1743039.0,7.2,1616832.0,126207.0,7466.0
IN,2014,Female,1578806.0,6.9,1470438.0,108368.0,2244.0
IN,2015,Male,1742927.0,5.8,1642149.0,100778.0,7416.0
IN,2015,Female,1569676.0,5.9,1477817.0,91859.0,2051.0
IN,2016,Male,1743994.0,5.1,1654591.0,89403.0,7529.0
IN,2016,Female,1588237.0,4.9,1510425.0,77812.0,2032.0
IN,2017,Male,1754736.0,4.8,1670533.0,84203.0,7612.0
IN,2017,Female,1588064.0,4.7,1513711.0,74353.0,2496.0
IN,2018,Male,1776372.0,4.4,1698000.0,78372.0,7354.0
IN,2018,Female,1611663.0,4.4,1540769.0,70894.0,2766.0
IN,2019,Male,1787380.0,4.2,1712592.0,74788.0,7638.0
IN,2019,Female,1627431.0,4.1,1560135.0,67296.0,2885.0
IN,2020,Male,,,,,7317.0
IN,2020,Female,,,,,2962.0
IN,2021,Male,1810068.0,4.8,1723103.0,86965.0,0.0
IN,2021,Female,1609150.0,4.5,1536075.0,73075.0,3076.0
IN,2022,Male,1845712.0,3.6,1778403.0,67309.0,7431.0
IN,2022,Female,1634207.0,3.5,1577003.0,57204.0,2913.0
IN,2023,Male,1857359.0,3.6,1790404.0,66955.0,6779.0
IN,2023,Female,1657843.0,3.7,1596826.0,61017.0,3084.0
IN,2024,Male,,,,,
IN,2024,Female,,,,,
IN,2025,Male,,,,,
IN,2025,Female,,,,,
KS,2014,Male,782244.0,5.5,739606.0,42638.0,4154.0
KS,2014,Female,692352.0,4.9,658248.0,34104.0,1242.0
KS,2015,Male,786666.0,4.7,749555.0,37111.0,3848.0
KS,2015,Female,699535.0,4.6,667514.0,32021.0,1227.0
KS,2016,Male,787285.0,4.9,748555.0,38730.0,3833.0
KS,2016,Female,705852.0,4.0,677579.0,28273.0,1249.0
KS,2017,Male,798792.0,4.2,765631.0,33161.0,3914.0
KS,2017,Female,701093.0,4.3,671170.0,29923.0,1388.0
KS,2018,Male,793690.0,3.7,764122.0,29568.0,3959.0
KS,2018,Female,706057.0,3.9,678428.0,27629.0,1651.0
KS,2019,Male,795736.0,4.1,762932.0,32804.0,3858.0
KS,2019,Female,716747.0,3.3,692814.0,23933.0,1322.0
KS,2020,Male,,,,,3749.0
KS,2020,Female,,,,,1472.0
KS,2021,Male,795154.0,4.6,758293.0,36861.0,4175.0
KS,2021,Female,707793.0,4.0,679179.0,28614.0,1400.0
KS,2022,Male,802423.0,3.7,772885.0,29538.0,3726.0
KS,2022,Female,708912.0,3.6,683617.0,25295.0,1604.0
KS,2023,Male,810800.0,3.7,780412.0,30388.0,3933.0
KS,2023,Female,716660.0,2.7,697181.0,19479.0,1635.0
KS,2024,Male,,,,,
KS,2024,Female,,,,,
KS,2025,Male,,,,,
KS,2025,Female,,,,,
KY,2014,Male,1087219.0,7.8,1002508.0,84711.0,4689.0
KY,2014,Female,980593.0,7.5,907196.0,73397.0,1970.0
KY,2015,Male,1080540.0,6.8,1006647.0,73893.0,4867.0
KY,2015,Female,982239.0,6.1,922320.0,59919.0,1917.0
KY,2016,Male,1079868.0,6.4,1011074.0,68794.0,4750.0
KY,2016,Female,999451.0,5.6,943568.0,55883.0,1967.0
KY,2017,Male,1091667.0,5.9,1027502.0,64165.0,4847.0
KY,2017,Female,1000292.0,5.1,949186.0,51106.0,1606.0
KY,2018,Male,1101934.0,5.3,1043858.0,58076.0,5140.0
KY,2018,Female,1003734.0,5.2,951931.0,51803.0,1489.0
KY,2019,Male,1089491.0,5.0,1034678.0,54813.0,4887.0
KY,2019,Female,1008819.0,4.5,963095.0,45724.0,1692.0
KY,2020,Male,,,,,4855.0
KY,2020,Female,,,,,1669.0
KY,2021,Male,1101118.0,5.8,1037050.0,64068.0,4659.0
KY,2021,Female,1005868.0,5.0,955281.0,50587.0,1730.0
KY,2022,Male,1132561.0,4.4,1082248.0,50313.0,4850.0
KY,2022,Female,1022143.0,4.2,978990.0,43153.0,1523.0
KY,2023,Male,1138345.0,4.0,1093329.0,45016.0,5035.0
KY,2023,Female,1036456.0,4.3,992025.0,44431.0,1577.0
KY,2024,Male,,,,,
KY,2024,Female,,,,,
KY,2025,Male,,,,,
KY,2025,Female,,,,,
LA,2014,Male,1133153.0,7.5,1048422.0,84731.0,7540.0
LA,2014,Female,1047473.0,7.4,969602.0,77871.0,1830.0
LA,2015,Male,1135207.0,7.6,1049048.0,86159.0,7450.0
LA,2015,Female,1058163.0,6.6,988764.0,69399.0,1909.0
LA,2016,Male,1113769.0,7.5,1029736.0,84033.0,7540.0
LA,2016,Female,1058393.0,6.3,991215.0,67178.0,1834.0
LA,2017,Male,1110191.0,6.9,1034047.0,76144.0,7327.0
LA,2017,Female,1054183.0,6.2,988719.0,65464.0,1665.0
LA,2018,Male,1103775.0,6.8,1029182.0,74593.0,7183.0
LA,2018,Female,1049027.0,6.0,986490.0,62537.0,1912.0
LA,2019,Male,1104666.0,6.0,1038095.0,66571.0,6476.0
LA,2019,Female,1053670.0,4.9,1002230.0,51440.0,2329.0
LA,2020,Male,,,,,8042.0
LA,2020,Female,,,,,1645.0
LA,2021,Male,1078146.0,8.2,989615.0,88531.0,7167.0
LA,2021,Female,1041409.0,7.0,968175.0,73234.0,2425.0
LA,2022,Male,1097991.0,5.4,1038474.0,59517.0,6932.0
LA,2022,Female,1057093.0,5.4,999866.0,57227.0,2179.0
LA,2023,Male,1086136.0,4.9,1032850.0,53286.0,7589.0
LA,2023,Female,1048907.0,4.8,998099.0,50808.0,2124.0
LA,2024,Male,,,,,
LA,2024,Female,,,,,
LA,2025,Male,,,,,
LA,2025,Female,,,,,
MA,2014,Male,1891479.0,7.2,1755880.0,135599.0,13431.0
MA,2014,Female,1828967.0,6.2,1714775.0,114192.0,2962.0
MA,2015,Male,1905921.0,6.3,1784929.0,120992.0,12960.0
MA,2015,Female,1833762.0,5.3,1737274.0,96488.0,3117.0
MA,2016,Male,1913292.0,5.7,1804581.0,108711.0,13222.0
MA,2016,Female,1856558.0,4.9,1766429.0,90129.0,3032.0
MA,2017,Male,1926586.0,4.9,1832594.0,93992.0,14036.0
MA,2017,Female,1845039.0,4.2,1766940.0,78099.0,3672.0
MA,2018,Male,1930746.0,5.1,1832022.0,98724.0,13704.0
MA,2018,Female,1872958.0,4.4,1790962.0,81996.0,3948.0
MA,2019,Male,1962267.0,4.3,1878492.0,83775.0,13633.0
MA,2019,Female,1889788.0,3.6,1821751.0,68037.0,4478.0
MA,2020,Male,,,,,13055.0
MA,2020,Female,,,,,4561.0
MA,2021,Male,1973547.0,6.9,1837373.0,136174.0,13128.0
MA,2021,Female,1886363.0,6.3,1767299.0,119064.0,4690.0
MA,2022,Male,1983246.0,4.3,1897857.0,85389.0,13127.0
MA,2022,Female,1889723.0,3.9,1816966.0,72757.0,4302.0
MA,2023,Male,1993428.0,4.3,1907175.0,86253.0,13390.0
MA,2023,Female,1915126.0,3.5,1847272.0,67854.0,4107.0
MA,2024,Male,,,,,
MA,2024,Female,,,,,
MA,2025,Male,,,,,
MA,2025,Female,,,,,
MD,2014,Male,1635460.0,7.3,1515517.0,119943.0,11309.0
MD,2014,Female,1590109.0,7.0,1478784.0,111325.0,4089.0
MD,2015,Male,1634633.0,5.7,1541470.0,93163.0,11227.0
MD,2015,Female,1572635.0,5.3,1489996.0,82639.0,4011.0
MD,2016,Male,1648424.0,5.6,1556431.0,91993.0,11760.0
MD,2016,Female,1600734.0,5.2,1517492.0,83242.0,3885.0
MD,2017,Male,1659038.0,5.3,1571517.0,87521.0,11952.0
MD,2017,Female,1609563.0,5.2,1526665.0,82898.0,4425.0
MD,2018,Male,1643957.0,4.8,1564335.0,79622.0,11873.0
MD,2018,Female,1607289.0,5.0,1526134.0,81155.0,4852.0
MD,2019,Male,1636757.0,4.3,1565561.0,71196.0,11836.0
MD,2019,Female,1609469.0,4.7,1533309.0,76160.0,4592.0
MD,2020,Male,,,,,12133.0
MD,2020,Female,,,,,4856.0
MD,2021,Male,1659757.0,6.0,1560147.0,99610.0,12062.0
MD,2021,Female,1603268.0,5.8,1510603.0,92665.0,4421.0
MD,2022,Male,1685065.0,4.0,1617008.0,68057.0,11870.0
MD,2022,Female,1614340.0,3.9,1551410.0,62930.0,5120.0
MD,2023,Male,1686952.0,4.2,1615907.0,71045.0,12323.0
MD,2023,Female,1639273.0,3.7,1578121.0,61152.0,5176.0
MD,2024,Male,,,,,
MD,2024,Female,,,,,
MD,2025,Male,,,,,
MD,2025,Female,,,,,
ME,2014,Male,357666.0,6.6,334038.0,23628.0,1835.0
ME,2014,Female,336182.0,5.1,319151.0,17031.0,482.0
ME,2015,Male,350192.0,6.5,327487.0,22705.0,1816.0
ME,2015,Female,335024.0,4.2,320927.0,14097.0,585.0
ME,2016,Male,350850.0,5.2,332478.0,18372.0,1852.0
ME,2016,Female,338186.0,3.6,325998.0,12188.0,508.0
ME,2017,Male,355615.0,4.6,339159.0,16456.0,1912.0
ME,2017,Female,345364.0,3.8,332327.0,13037.0,827.0
ME,2018,Male,359725.0,4.2,344616.0,15109.0,1943.0
ME,2018,Female,343680.0,2.8,333924.0,9756.0,911.0
ME,2019,Male,363846.0,3.4,351606.0,12240.0,0.0
ME,2019,Female,345038.0,3.5,332807.0,12231.0,0.0
ME,2020,Male,,,,,2127.0
ME,2020,Female,,,,,740.0
ME,2021,Male,364458.0,5.1,345965.0,18493.0,1925.0
ME,2021,Female,342453.0,4.7,326515.0,15938.0,953.0
ME,2022,Male,366602.0,3.3,354362.0,12240.0,1940.0
ME,2022,Female,353393.0,3.2,342040.0,11353.0,906.0
ME,2023,Male,379245.0,2.9,368071.0,11174.0,2054.0
ME,2023,Female,352606.0,3.4,340589.0,12017.0,858.0
ME,2024,Male,,,,,
ME,2024,Female,,,,,
ME,2025,Male,,,,,
ME,2025,Female,,,,,
MI,2014,Male,2523503.0,8.6,2306184.0,217319.0,13159.0
MI,2014,Female,2325328.0,7.9,2141850.0,183478.0,3775.0
MI,2015,Male,2544956.0,7.4,2356179.0,188777.0,13266.0
MI,2015,Female,2317081.0,6.9,2156462.0,160619.0,3721.0
MI,2016,Male,2552186.0,6.6,2382583.0,169603.0,13554.0
MI,2016,Female,2338615.0,5.8,2203930.0,134685.0,3763.0
MI,2017,Male,2591986.0,6.3,2429367.0,162619.0,13289.0
MI,2017,Female,2353646.0,5.5,2225245.0,128401.0,4373.0
MI,2018,Male,2613419.0,5.7,2464212.0,149207.0,13432.0
MI,2018,Female,2360569.0,4.9,2244244.0,116325.0,4034.0
MI,2019,Male,2621091.0,5.4,2480537.0,140554.0,13213.0
MI,2019,Female,2384177.0,4.6,2274479.0,109698.0,4447.0
MI,2020,Male,,,,,12577.0
MI,2020,Female,,,,,5249.0
MI,2021,Male,2615721.0,6.9,2434501.0,181220.0,12767.0
MI,2021,Female,2344745.0,6.9,2183117.0,161628.0,4801.0
MI,2022,Male,2658035.0,4.8,2530898.0,127137.0,12740.0
MI,2022,Female,2376287.0,4.5,2269330.0,106957.0,4863.0
MI,2023,Male,2632349.0,4.6,2510215.0,122134.0,12670.0
MI,2023,Female,2415985.0,4.3,2312782.0,103203.0,5012.0
MI,2024,Male,,,,,
MI,2024,Female,,,,,
MI,2025,Male,,,,,
MI,2025,Female,,,,,
MN,2014,Male,1562618.0,5.2,1480825.0,81793.0,9392.0
MN,2014,Female,1443087.0,4.1,1383692.0,59395.0,3587.0
MN,2015,Male,1582186.0,4.7,1507764.0,74422.0,9130.0
MN,2015,Female,1457350.0,3.6,1405412.0,51938.0,3741.0
MN,2016,Male,1583592.0,4.3,1515561.0,68031.0,9434.0
MN,2016,Female,1454572.0,3.3,1406085.0,48487.0,3837.0
MN,2017,Male,1603226.0,4.0,1539549.0,63677.0,9923.0
MN,2017,Female,1467655.0,3.2,1420575.0,47080.0,4017.0
MN,2018,Male,1594881.0,3.7,1535294.0,59587.0,9874.0
MN,2018,Female,1483276.0,3.0,1438241.0,45035.0,3619.0
MN,2019,Male,1619766.0,3.6,1560690.0,59076.0,9401.0
MN,2019,Female,1489413.0,2.7,1449762.0,39651.0,3994.0
MN,2020,Male,,,,,8752.0
MN,2020,Female,,,,,4245.0
MN,2021,Male,1624333.0,5.3,1538562.0,85771.0,8830.0
MN,2021,Female,1485423.0,4.4,1419389.0,66034.0,0.0
MN,2022,Male,1636958.0,3.6,1578002.0,58956.0,9025.0
MN,2022,Female,1471500.0,2.8,1430625.0,40875.0,3717.0
MN,2023,Male,1641919.0,3.3,1587748.0,54171.0,8573.0
MN,2023,Female,1502056.0,2.8,1460572.0,41484.0,4174.0
MN,2024,Male,,,,,
MN,2024,Female,,,,,
MN,2025,Male,,,,,
MN,2025,Female,,,,,
MO,2014,Male,1556097.0,7.3,1441763.0,114334.0,7585.0
MO,2014,Female,1453760.0,6.2,1363883.0,89877.0,3165.0
MO,2015,Male,1573430.0,5.7,1484020.0,89410.0,7800.0
MO,2015,Female,1469108.0,5.0,1396289.0,72819.0,3001.0
MO,2016,Male,1569668.0,5.1,1489302.0,80366.0,7868.0
MO,2016,Female,1472641.0,4.7,1403562.0,69079.0,3032.0
MO,2017,Male,1584049.0,4.9,1507131.0,76918.0,8030.0
MO,2017,Female,1477415.0,4.3,1413170.0,64245.0,2666.0
MO,2018,Male,1569696.0,4.7,1496440.0,73256.0,8107.0
MO,2018,Female,1479760.0,3.7,1425159.0,54601.0,2633.0
MO,2019,Male,1569736.0,3.8,1509764.0,59972.0,7523.0
MO,2019,Female,1488785.0,3.8,1432695.0,56090.0,2958.0
MO,2020,Male,,,,,7537.0
MO,2020,Female,,,,,3258.0
MO,2021,Male,1595857.0,4.6,1522661.0,73196.0,8254.0
MO,2021,Female,1486071.0,4.7,1416770.0,69301.0,2552.0
MO,2022,Male,1609853.0,3.8,1547967.0,61886.0,7326.0
MO,2022,Female,1493421.0,3.6,1439900.0,53521.0,3090.0
MO,2023,Male,1640919.0,3.6,1582221.0,58698.0,7170.0
MO,2023,Female,1539324.0,3.3,1489129.0,50195.0,3145.0
MO,2024,Male,,,,,
MO,2024,Female,,,,,
MO,2025,Male,,,,,
MO,2025,Female,,,,,
MS,2014,Male,688994.0,9.7,622054.0,66940.0,3003.0
MS,2014,Female,650527.0,9.8,586532.0,63995.0,762.0
MS,2015,Male,677769.0,8.1,622777.0,54992.0,2997.0
MS,2015,Female,646539.0,9.7,583902.0,62637.0,655.0
MS,2016,Male,673188.0,7.5,622909.0,50279.0,2995.0
MS,2016,Female,657518.0,8.0,604903.0,52615.0,736.0
MS,2017,Male,669417.0,6.9,623123.0,46294.0,2827.0
MS,2017,Female,650302.0,7.1,603852.0,46450.0,875.0
MS,2018,Male,675194.0,6.8,629101.0,46093.0,2808.0
MS,2018,Female,651012.0,7.5,602309.0,48703.0,786.0
MS,2019,Male,671074.0,6.8,625511.0,45563.0,2808.0
MS,2019,Female,657495.0,6.4,615241.0,42254.0,718.0
MS,2020,Male,,,,,2933.0
MS,2020,Female,,,,,610.0
MS,2021,Male,660853.0,6.3,619454.0,41399.0,2881.0
MS,2021,Female,650765.0,6.5,608162.0,42603.0,752.0
MS,2022,Male,671207.0,4.6,640240.0,30967.0,2701.0
MS,2022,Female,651169.0,5.2,617322.0,33847.0,737.0
MS,2023,Male,677765.0,4.6,646504.0,31261.0,3059.0
MS,2023,Female,665294.0,5.0,631918.0,33376.0,730.0
MS,2024,Male,,,,,
MS,2024,Female,,,,,
MS,2025,Male,,,,,
MS,2025,Female,,,,,
MT,2014,Male,275651.0,5.1,261510.0,14141.0,2193.0
MT,2014,Female,244667.0,4.7,233112.0,11555.0,582.0
MT,2015,Male,272806.0,4.9,259333.0,13473.0,2096.0
MT,2015,Female,240403.0,4.1,230542.0,9861.0,593.0
MT,2016,Male,279644.0,5.5,264170.0,15474.0,2136.0
MT,2016,Female,249579.0,4.0,239680.0,9899.0,756.0
MT,2017,Male,283818.0,3.7,273234.0,10584.0,1957.0
MT,2017,Female,254303.0,3.2,246043.0,8260.0,827.0
MT,2018,Male,285930.0,4.2,273970.0,11960.0,1958.0
MT,2018,Female,256131.0,2.7,249088.0,7043.0,792.0
MT,2019,Male,285997.0,4.4,273374.0,12623.0,2246.0
MT,2019,Female,256268.0,3.7,246887.0,9381.0,834.0
MT,2020,Male,,,,,2055.0
MT,2020,Female,,,,,1049.0
MT,2021,Male,291956.0,4.1,279940.0,12016.0,2496.0
MT,2021,Female,257485.0,3.8,247625.0,9860.0,971.0
MT,2022,Male,305390.0,3.2,295539.0,9851.0,2123.0
MT,2022,Female,271647.0,2.8,264065.0,7582.0,1078.0
MT,2023,Male,307402.0,2.8,298754.0,8648.0,2338.0
MT,2023,Female,270678.0,2.6,263618.0,7060.0,1000.0
MT,2024,Male,,,,,
MT,2024,Female,,,,,
MT,2025,Male,,,,,
MT,2025,Female,,,,,
NC,2014,Male,2499399.0,8.4,2288767.0,210632.0,13025.0
NC,2014,Female,2349997.0,8.2,2156222.0,193775.0,4844.0
NC,2015,Male,2533286.0,6.6,2366821.0,166465.0,12872.0
NC,2015,Female,2353473.0,7.2,2184151.0,169322.0,5014.0
NC,2016,Male,2549948.0,6.1,2395224.0,154724.0,13527.0
NC,2016,Female,2405364.0,6.4,2251025.0,154339.0,5543.0
NC,2017,Male,2584629.0,5.2,2451268.0,133361.0,14063.0
NC,2017,Female,2465210.0,5.4,2331794.0,133416.0,5334.0
NC,2018,Male,2634932.0,4.7,2510383.0,124549.0,14709.0
NC,2018,Female,2490714.0,5.2,2360455.0,130259.0,5768.0
NC,2019,Male,2647968.0,4.6,2525703.0,122265.0,14189.0
NC,2019,Female,2526741.0,4.5,2412134.0,114607.0,6059.0
NC,2020,Male,,,,,13867.0
NC,2020,Female,,,,,6566.0
NC,2021,Male,2677927.0,5.7,2525145.0,152782.0,14778.0
NC,2021,Female,2512377.0,5.9,2364721.0,147656.0,6413.0
NC,2022,Male,2749770.0,3.7,2646717.0,103053.0,14957.0
NC,2022,Female,2586184.0,3.8,2488590.0,97594.0,6653.0
NC,2023,Male,2805930.0,4.1,2690321.0,115609.0,15344.0
NC,2023,Female,2643976.0,3.9,2539825.0,104151.0,7490.0
NC,2024,Male,,,,,
NC,2024,Female,,,,,
NC,2025,Male,,,,,
NC,2025,Female,,,,,
ND,2014,Male,218522.0,3.3,211251.0,7271.0,1109.0
ND,2014,Female,185252.0,2.6,180393.0,4859.0,270.0
ND,2015,Male,226808.0,2.7,220613.0,6195.0,1065.0
ND,2015,Female,188667.0,2.5,183976.0,4691.0,361.0
ND,2016,Male,227115.0,2.9,220446.0,6669.0,1175.0
ND,2016,Female,192036.0,2.7,186923.0,5113.0,362.0
ND,2017,Male,229241.0,3.3,221717.0,7524.0,1068.0
ND,2017,Female,189941.0,2.5,185158.0,4783.0,353.0
ND,2018,Male,224011.0,3.0,217257.0,6754.0,1085.0
ND,2018,Female,188498.0,2.6,183561.0,4937.0,324.0
ND,2019,Male,225270.0,2.7,219130.0,6140.0,1311.0
ND,2019,Female,191349.0,2.5,186569.0,4780.0,339.0
ND,2020,Male,,,,,1156.0
ND,2020,Female,,,,,237.0
ND,2021,Male,222156.0,3.3,214810.0,7346.0,0.0
ND,2021,Female,184072.0,2.3,179791.0,4281.0,394.0
ND,2022,Male,224003.0,2.2,219088.0,4915.0,1055.0
ND,2022,Female,193553.0,2.1,189475.0,4078.0,319.0
ND,2023,Male,224396.0,2.5,218675.0,5721.0,1169.0
ND,2023,Female,197759.0,3.2,191391.0,6368.0,347.0
ND,2024,Male,,,,,
ND,2024,Female,,,,,
ND,2025,Male,,,,,
ND,2025,Female,,,,,
NE,2014,Male,539465.0,4.1,517227.0,22238.0,2453.0
NE,2014,Female,484736.0,4.2,464222.0,20514.0,680.0
NE,2015,Male,537230.0,3.3,519537.0,17693.0,2635.0
NE,2015,Female,482313.0,3.1,467252.0,15061.0,658.0
NE,2016,Male,540768.0,4.0,519272.0,21496.0,2667.0
NE,2016,Female,484777.0,3.4,468522.0,16255.0,783.0
NE,2017,Male,553193.0,3.2,535311.0,17882.0,2656.0
NE,2017,Female,490726.0,3.5,473641.0,17085.0,887.0
NE,2018,Male,544919.0,3.7,524627.0,20292.0,2608.0
NE,2018,Female,490300.0,3.2,474720.0,15580.0,0.0
NE,2019,Male,551499.0,3.6,531810.0,19689.0,2606.0
NE,2019,Female,491591.0,2.9,477147.0,14444.0,0.0
NE,2020,Male,,,,,2732.0
NE,2020,Female,,,,,717.0
NE,2021,Male,552943.0,2.6,538833.0,14110.0,2385.0
NE,2021,Female,493983.0,2.8,480267.0,13716.0,890.0
NE,2022,Male,559297.0,2.3,546342.0,12955.0,2406.0
NE,2022,Female,490282.0,2.3,478767.0,11515.0,986.0
NE,2023,Male,564231.0,2.5,550020.0,14211.0,2486.0
NE,2023,Female,505283.0,2.8,491118.0,14165.0,1053.0
NE,2024,Male,,,,,
NE,2024,Female,,,,,
NE,2025,Male,,,,,
NE,2025,Female,,,,,
NH,2014,Male,389820.0,5.8,367194.0,22626.0,2207.0
NH,2014,Female,352890.0,4.3,337653.0,15237.0,865.0
NH,2015,Male,389120.0,4.7,371025.0,18095.0,2099.0
NH,2015,Female,355851.0,3.8,342288.0,13563.0,722.0
NH,2016,Male,388001.0,4.0,372616.0,15385.0,2083.0
NH,2016,Female,358864.0,3.2,347307.0,11557.0,814.0
NH,2017,Male,393245.0,4.1,377112.0,16133.0,2177.0
NH,2017,Female,363688.0,3.5,350933.0,12755.0,620.0
NH,2018,Male,396353.0,4.2,379821.0,16532.0,1978.0
NH,2018,Female,359554.0,2.9,349180.0,10374.0,821.0
NH,2019,Male,397902.0,3.3,384647.0,13255.0,2391.0
NH,2019,Female,360200.0,2.6,350846.0,9354.0,589.0
NH,2020,Male,,,,,0.0
NH,2020,Female,,,,,0.0
NH,2021,Male,410402.0,3.4,396246.0,14156.0,2140.0
NH,2021,Female,363271.0,3.8,349504.0,13767.0,719.0
NH,2022,Male,408066.0,2.8,396697.0,11369.0,2091.0
NH,2022,Female,365306.0,2.3,357033.0,8273.0,772.0
NH,2023,Male,410802.0,2.8,399444.0,11358.0,2116.0
NH,2023,Female,375221.0,2.3,366428.0,8793.0,679.0
NH,2024,Male,,,,,
NH,2024,Female,,,,,
NH,2025,Male,,,,,
NH,2025,Female,,,,,
NJ,2014,Male,2483606.0,7.5,2296892.0,186714.0,19173.0
NJ,2014,Female,2242211.0,7.5,2073060.0,169151.0,5014.0
NJ,2015,Male,2460172.0,6.6,2298798.0,161374.0,19386.0
NJ,2015,Female,2223864.0,6.7,2075738.0,148126.0,5446.0
NJ,2016,Male,2471034.0,6.0,2321558.0,149476.0,19741.0
NJ,2016,Female,2222357.0,6.0,2088835.0,133522.0,5705.0
NJ,2017,Male,2490398.0,5.3,2357903.0,132495.0,18905.0
NJ,2017,Female,2255931.0,5.3,2135616.0,120315.0,5066.0
NJ,2018,Male,2479111.0,4.9,2358060.0,121051.0,18717.0
NJ,2018,Female,2239095.0,4.9,2129763.0,109332.0,5132.0
NJ,2019,Male,2469060.0,4.9,2349225.0,119835.0,17571.0
NJ,2019,Female,2248115.0,4.5,2147474.0,100641.0,5974.0
NJ,2020,Male,,,,,17872.0
NJ,2020,Female,,,,,5342.0
NJ,2021,Male,2576148.0,8.1,2367990.0,208158.0,17653.0
NJ,2021,Female,2327508.0,8.0,2140529.0,186979.0,6020.0
NJ,2022,Male,2620725.0,4.9,2491321.0,129404.0,17641.0
NJ,2022,Female,2336588.0,5.1,2216469.0,120119.0,5755.0
NJ,2023,Male,2629894.0,4.6,2507630.0,122264.0,17887.0
NJ,2023,Female,2393258.0,4.8,2277875.0,115383.0,5724.0
NJ,2024,Male,,,,,
NJ,2024,Female,,,,,
NJ,2025,Male,,,,,
NJ,2025,Female,,,,,
NM,2014,Male,506597.0,9.0,460896.0,45701.0,2546.0
NM,2014,Female,451477.0,8.3,413857.0,37620.0,975.0
NM,2015,Male,504764.0,8.2,463219.0,41545.0,2446.0
NM,2015,Female,445548.0,6.5,416588.0,28960.0,960.0
NM,2016,Male,496639.0,8.4,454801.0,41838.0,2445.0
NM,2016,Female,455376.0,6.5,425875.0,29501.0,867.0
NM,2017,Male,486742.0,7.1,452408.0,34334.0,2353.0
NM,2017,Female,444415.0,6.0,417684.0,26731.0,1049.0
NM,2018,Male,490086.0,6.5,458366.0,31720.0,2497.0
NM,2018,Female,441868.0,5.7,416785.0,25083.0,943.0
NM,2019,Male,504938.0,5.8,475816.0,29122.0,2265.0
NM,2019,Female,455326.0,5.1,431959.0,23367.0,1172.0
NM,2020,Male,,,,,2078.0
NM,2020,Female,,,,,1065.0
NM,2021,Male,495683.0,7.9,456370.0,39313.0,2180.0
NM,2021,Female,457644.0,7.7,422236.0,35408.0,1127.0
NM,2022,Male,516504.0,5.3,489011.0,27493.0,2231.0
NM,2022,Female,467647.0,4.2,448016.0,19631.0,1253.0
NM,2023,Male,524170.0,5.1,497522.0,26648.0,2280.0
NM,2023,Female,471266.0,4.5,450148.0,21118.0,1187.0
NM,2024,Male,,,,,
NM,2024,Female,,,,,
NM,2025,Male,,,,,
NM,2025,Female,,,,,
NV,2014,Male,768726.0,9.2,698032.0,70694.0,4271.0
NV,2014,Female,657249.0,8.6,600789.0,56460.0,1853.0
NV,2015,Male,778781.0,8.2,715246.0,63535.0,4734.0
NV,2015,Female,668033.0,7.7,616550.0,51483.0,1582.0
NV,2016,Male,789784.0,6.5,738482.0,51302.0,5023.0
NV,2016,Female,683769.0,6.9,636682.0,47087.0,1653.0
NV,2017,Male,814365.0,5.8,766831.0,47534.0,5239.0
NV,2017,Female,700523.0,6.1,658025.0,42498.0,1839.0
NV,2018,Male,817039.0,5.6,771040.0,45999.0,5145.0
NV,2018,Female,714327.0,5.5,675050.0,39277.0,1754.0
NV,2019,Male,841336.0,5.5,795369.0,45967.0,5475.0
NV,2019,Female,717532.0,4.6,684499.0,33033.0,2096.0
NV,2020,Male,,,,,5150.0
NV,2020,Female,,,,,1938.0
NV,2021,Male,842844.0,9.9,759525.0,83319.0,5597.0
NV,2021,Female,734724.0,9.5,665168.0,69556.0,2088.0
NV,2022,Male,865240.0,5.2,820038.0,45202.0,6001.0
NV,2022,Female,748149.0,5.8,704856.0,43293.0,2104.0
NV,2023,Male,871762.0,4.5,832835.0,38927.0,5568.0
NV,2023,Female,759241.0,4.7,723752.0,35489.0,2595.0
NV,2024,Male,,,,,
NV,2024,Female,,,,,
NV,2025,Male,,,,,
NV,2025,Female,,,,,
NY,2014,Male,5202747.0,7.5,4810139.0,392608.0,40732.0
NY,2014,Female,4882630.0,6.9,4544016.0,338614.0,9882.0
NY,2015,Male,5231533.0,6.8,4874995.0,356538.0,40696.0
NY,2015,Female,4896689.0,6.1,4598342.0,298347.0,11230.0
NY,2016,Male,5228166.0,6.2,4904727.0,323439.0,40440.0
NY,2016,Female,4875267.0,5.7,4598741.0,276526.0,11243.0
NY,2017,Male,5259933.0,5.9,4950570.0,309363.0,39487.0
NY,2017,Female,4934505.0,5.1,4683867.0,250638.0,13280.0
NY,2018,Male,5145019.0,5.3,4873908.0,271111.0,38453.0
NY,2018,Female,4859498.0,4.7,4630808.0,228690.0,13433.0
NY,2019,Male,5154796.0,4.6,4917034.0,237762.0,39671.0
NY,2019,Female,4901398.0,4.2,4693995.0,207403.0,13520.0
NY,2020,Male,,,,,39465.0
NY,2020,Female,,,,,14000.0
NY,2021,Male,5177547.0,9.2,4698973.0,478574.0,39766.0
NY,2021,Female,4932734.0,8.2,4527400.0,405334.0,13325.0
NY,2022,Male,5204915.0,5.3,4930403.0,274512.0,37802.0
NY,2022,Female,4912661.0,4.9,4669935.0,242726.0,13865.0
NY,2023,Male,5183398.0,5.2,4911385.0,272013.0,39171.0
NY,2023,Female,4923928.0,4.8,4689308.0,234620.0,13129.0
NY,2024,Male,,,,,
NY,2024,Female,,,,,
NY,2025,Male,,,,,
NY,2025,Female,,,,,
OH,2014,Male,3043529.0,7.6,2812152.0,231377.0,15106.0
OH,2014,Female,2814485.0,6.7,2625381.0,189104.0,4761.0
OH,2015,Male,3038928.0,6.6,2839454.0,199474.0,15242.0
OH,2015,Female,2824711.0,6.2,2650288.0,174423.0,4454.0
OH,2016,Male,3058651.0,6.0,2874252.0,184399.0,14917.0
OH,2016,Female,2817246.0,5.2,2669550.0,147696.0,4452.0
OH,2017,Male,3047934.0,5.4,2883996.0,163938.0,14383.0
OH,2017,Female,2837422.0,4.9,2698012.0,139410.0,4220.0
OH,2018,Male,3074940.0,5.3,2910597.0,164343.0,13892.0
OH,2018,Female,2855071.0,4.5,2726844.0,128227.0,4682.0
OH,2019,Male,3095972.0,4.7,2949683.0,146289.0,14785.0
OH,2019,Female,2869625.0,4.4,2743260.0,126365.0,3981.0
OH,2020,Male,,,,,13994.0
OH,2020,Female,,,,,4616.0
OH,2021,Male,3079611.0,5.5,2909772.0,169839.0,13981.0
OH,2021,Female,2843092.0,5.4,2690437.0,152655.0,4215.0
OH,2022,Male,3136431.0,4.0,3010311.0,126120.0,13618.0
OH,2022,Female,2847991.0,3.4,2751696.0,96295.0,4865.0
OH,2023,Male,3133322.0,4.2,3001937.0,131385.0,13555.0
OH,2023,Female,2894178.0,3.9,2782164.0,112014.0,4398.0
OH,2024,Male,,,,,
OH,2024,Female,,,,,
OH,2025,Male,,,,,
OH,2025,Female,,,,,
OK,2014,Male,981429.0,5.7,925667.0,55762.0,5914.0
OK,2014,Female,858666.0,5.7,810094.0,48572.0,1550.0
OK,2015,Male,990830.0,5.4,937290.0,53540.0,5768.0
OK,2015,Female,863703.0,5.5,816155.0,47548.0,1603.0
OK,2016,Male,986743.0,6.2,925492.0,61251.0,5744.0
OK,2016,Female,866896.0,5.7,817255.0,49641.0,1797.0
OK,2017,Male,986699.0,5.6,931411.0,55288.0,5911.0
OK,2017,Female,871322.0,5.1,826991.0,44331.0,1645.0
OK,2018,Male,992798.0,4.4,949076.0,43722.0,6043.0
OK,2018,Female,880309.0,4.3,842362.0,37947.0,1927.0
OK,2019,Male,992246.0,4.4,948791.0,43455.0,6079.0
OK,2019,Female,880687.0,4.3,842437.0,38250.0,1745.0
OK,2020,Male,,,,,5753.0
OK,2020,Female,,,,,1821.0
OK,2021,Male,994368.0,6.4,930264.0,64104.0,6147.0
OK,2021,Female,897989.0,5.4,849822.0,48167.0,1651.0
OK,2022,Male,1024393.0,4.2,981462.0,42931.0,5598.0
OK,2022,Female,891623.0,4.1,854843.0,36780.0,2103.0
OK,2023,Male,1030596.0,4.4,984774.0,45822.0,5662.0
OK,2023,Female,905963.0,4.7,862972.0,42991.0,2142.0
OK,2024,Male,,,,,
OK,2024,Female,,,,,
OK,2025,Male,,,,,
OK,2025,Female,,,,,
OR,2014,Male,1039678.0,8.0,956236.0,83442.0,6376.0
OR,2014,Female,932361.0,7.6,861849.0,70512.0,2962.0
OR,2015,Male,1062711.0,7.1,987483.0,75228.0,6452.0
OR,2015,Female,956283.0,6.5,893772.0,62511.0,2887.0
OR,2016,Male,1089853.0,5.9,1025024.0,64829.0,6688.0
OR,2016,Female,968470.0,5.5,915658.0,52812.0,2958.0
OR,2017,Male,1106542.0,5.5,1046030.0,60512.0,6910.0
OR,2017,Female,993457.0,4.7,946869.0,46588.0,3034.0
OR,2018,Male,1126829.0,5.0,1070177.0,56652.0,6984.0
OR,2018,Female,1009147.0,5.0,958844.0,50303.0,3190.0
OR,2019,Male,1125816.0,5.3,1066677.0,59139.0,7090.0
OR,2019,Female,1027513.0,4.8,978661.0,48852.0,3044.0
OR,2020,Male,,,,,7025.0
OR,2020,Female,,,,,3174.0
OR,2021,Male,1134268.0,6.5,1060576.0,73692.0,6684.0
OR,2021,Female,1009481.0,6.2,946892.0,62589.0,3529.0
OR,2022,Male,1151680.0,4.5,1100248.0,51432.0,7054.0
OR,2022,Female,1036821.0,4.0,995115.0,41706.0,3100.0
OR,2023,Male,1158559.0,4.5,1106319.0,52240.0,6844.0
OR,2023,Female,1031691.0,3.7,993594.0,38097.0,3456.0
OR,2024,Male,,,,,
OR,2024,Female,,,,,
OR,2025,Male,,,,,
OR,2025,Female,,,,,
PA,2014,Male,3375373.0,7.6,3118027.0,257346.0,18685.0
PA,2014,Female,3128342.0,6.4,2927897.0,200445.0,5740.0
PA,2015,Male,3394039.0,6.6,3168719.0,225320.0,18628.0
PA,2015,Female,3124173.0,5.9,2940951.0,183222.0,5813.0
PA,2016,Male,3359126.0,6.2,3151325.0,207801.0,18889.0
PA,2016,Female,3112095.0,5.3,2946024.0,166071.0,5650.0
PA,2017,Male,3400847.0,5.5,3212510.0,188337.0,18939.0
PA,2017,Female,3117522.0,5.0,2960633.0,156889.0,4800.0
PA,2018,Male,3407487.0,5.2,3230763.0,176724.0,18876.0
PA,2018,Female,3162692.0,4.6,3018182.0,144510.0,5113.0
PA,2019,Male,3418578.0,4.7,3259403.0,159175.0,18582.0
PA,2019,Female,3162164.0,4.3,3025706.0,136458.0,5696.0
PA,2020,Male,,,,,18550.0
PA,2020,Female,,,,,5301.0
PA,2021,Male,3449517.0,6.6,3223001.0,226516.0,19012.0
PA,2021,Female,3162022.0,6.1,2967795.0,194227.0,5052.0
PA,2022,Male,3498191.0,4.5,3340647.0,157544.0,18692.0
PA,2022,Female,3191767.0,4.1,3061595.0,130172.0,5491.0
PA,2023,Male,3489288.0,4.5,3333392.0,155896.0,18795.0
PA,2023,Female,3193984.0,4.0,3066619.0,127365.0,6375.0
PA,2024,Male,,,,,
PA,2024,Female,,,,,
PA,2025,Male,,,,,
PA,2025,Female,,,,,
RI,2014,Male,285749.0,7.7,263605.0,22144.0,2135.0
RI,2014,Female,275777.0,7.8,254259.0,21518.0,677.0
RI,2015,Male,284313.0,6.9,264722.0,19591.0,2150.0
RI,2015,Female,275420.0,5.5,260253.0,15167.0,600.0
RI,2016,Male,283370.0,6.5,265004.0,18366.0,2054.0
RI,2016,Female,271523.0,5.4,256875.0,14648.0,618.0
RI,2017,Male,292596.0,6.0,275181.0,17415.0,1945.0
RI,2017,Female,278069.0,5.5,262733.0,15336.0,653.0
RI,2018,Male,284648.0,6.7,265664.0,18984.0,2099.0
RI,2018,Female,273711.0,4.3,261833.0,11878.0,0.0
RI,2019,Male,293050.0,5.2,277682.0,15368.0,2039.0
RI,2019,Female,279063.0,3.2,270232.0,8831.0,513.0
RI,2020,Male,,,,,0.0
RI,2020,Female,,,,,0.0
RI,2021,Male,303024.0,8.0,278815.0,24209.0,2048.0
RI,2021,Female,288521.0,7.3,267434.0,21087.0,0.0
RI,2022,Male,300488.0,4.5,286965.0,13523.0,1973.0
RI,2022,Female,286748.0,4.6,273603.0,13145.0,629.0
RI,2023,Male,305651.0,4.6,291500.0,14151.0,1920.0
RI,2023,Female,282103.0,4.9,268242.0,13861.0,678.0
RI,2024,Male,,,,,
RI,2024,Female,,,,,
RI,2025,Male,,,,,
RI,2025,Female,,,,,
SC,2014,Male,1191291.0,7.8,1097847.0,93444.0,5809.0
SC,2014,Female,1123524.0,8.4,1029102.0,94422.0,1690.0
SC,2015,Male,1208282.0,7.7,1115610.0,92672.0,6177.0
SC,2015,Female,1128009.0,6.9,1050092.0,77917.0,1765.0
SC,2016,Male,1207747.0,6.0,1135868.0,71879.0,5989.0
SC,2016,Female,1170740.0,6.6,1093406.0,77334.0,1999.0
SC,2017,Male,1232680.0,6.0,1158347.0,74333.0,6266.0
SC,2017,Female,1179542.0,5.5,1114128.0,65414.0,2320.0
SC,2018,Male,1245809.0,5.1,1182781.0,63028.0,6295.0
SC,2018,Female,1198786.0,5.5,1132967.0,65819.0,2592.0
SC,2019,Male,1264891.0,4.7,1205657.0,59234.0,6443.0
SC,2019,Female,1210860.0,4.7,1154057.0,56803.0,2402.0
SC,2020,Male,,,,,6554.0
SC,2020,Female,,,,,2781.0
SC,2021,Male,1273357.0,5.6,1201681.0,71676.0,6536.0
SC,2021,Female,1201754.0,5.7,1133673.0,68081.0,2675.0
SC,2022,Male,1314901.0,4.1,1260839.0,54062.0,6758.0
SC,2022,Female,1250818.0,4.6,1193208.0,57610.0,3102.0
SC,2023,Male,1342684.0,4.4,1283996.0,58688.0,6987.0
SC,2023,Female,1286820.0,4.2,1232723.0,54097.0,2955.0
SC,2024,Male,,,,,
SC,2024,Female,,,,,
SC,2025,Male,,,,,
SC,2025,Female,,,,,
SD,2014,Male,243679.0,4.1,233785.0,9894.0,1124.0
SD,2014,Female,216770.0,3.7,208704.0,8066.0,348.0
SD,2015,Male,242588.0,4.7,231215.0,11373.0,1052.0
SD,2015,Female,212408.0,3.2,205637.0,6771.0,354.0
SD,2016,Male,242355.0,3.7,233313.0,9042.0,1017.0
SD,2016,Female,213110.0,4.1,204314.0,8796.0,271.0
SD,2017,Male,243903.0,3.6,235063.0,8840.0,1233.0
SD,2017,Female,214775.0,3.4,207407.0,7368.0,372.0
SD,2018,Male,243697.0,3.5,235253.0,8444.0,1170.0
SD,2018,Female,223871.0,2.4,218470.0,5401.0,274.0
SD,2019,Male,246510.0,4.0,236719.0,9791.0,0.0
SD,2019,Female,220498.0,1.9,216256.0,4242.0,252.0
SD,2020,Male,,,,,1166.0
SD,2020,Female,,,,,444.0
SD,2021,Male,244054.0,3.2,236164.0,7890.0,1179.0
SD,2021,Female,218304.0,2.3,213271.0,5033.0,303.0
SD,2022,Male,251265.0,2.8,244129.0,7136.0,1162.0
SD,2022,Female,223027.0,2.8,216854.0,6173.0,424.0
SD,2023,Male,255003.0,2.1,249767.0,5236.0,1222.0
SD,2023,Female,230320.0,3.3,222814.0,7506.0,387.0
SD,2024,Male,,,,,
SD,2024,Female,,,,,
SD,2025,Male,,,,,
SD,2025,Female,,,,,
TN,2014,Male,1639959.0,7.6,1516054.0,123905.0,6581.0
TN,2014,Female,1516677.0,8.0,1394602.0,122075.0,2345.0
TN,2015,Male,1665682.0,6.2,1562444.0,103238.0,6859.0
TN,2015,Female,1532603.0,6.3,1436370.0,96233.0,2368.0
TN,2016,Male,1671156.0,5.5,1579969.0,91187.0,6785.0
TN,2016,Female,1530184.0,5.6,1444628.0,85556.0,2440.0
TN,2017,Male,1716623.0,4.9,1633262.0,83361.0,6516.0
TN,2017,Female,1575754.0,5.0,1496826.0,78928.0,2150.0
TN,2018,Male,1718397.0,5.3,1627343.0,91054.0,7048.0
TN,2018,Female,1596707.0,5.7,1505810.0,90897.0,0.0
TN,2019,Male,1739559.0,4.3,1664823.0,74736.0,6687.0
TN,2019,Female,1628215.0,4.8,1550578.0,77637.0,1941.0
TN,2020,Male,,,,,6534.0
TN,2020,Female,,,,,2394.0
TN,2021,Male,1791941.0,5.2,1698844.0,93097.0,6693.0
TN,2021,Female,1628216.0,5.4,1540467.0,87749.0,2503.0
TN,2022,Male,1856153.0,3.2,1796219.0,59934.0,6872.0
TN,2022,Female,1678830.0,3.7,1617241.0,61589.0,2611.0
TN,2023,Male,1869741.0,3.8,1799491.0,70250.0,6948.0
TN,2023,Female,1714760.0,4.2,1642929.0,71831.0,2517.0
TN,2024,Male,,,,,
TN,2024,Female,,,,,
TN,2025,Male,,,,,
TN,2025,Female,,,,,
TX,2014,Male,7182617.0,5.8,6768976.0,413641.0,35879.0
TX,2014,Female,6028225.0,6.4,5642347.0,385878.0,12279.0
TX,2015,Male,7301527.0,5.4,6906093.0,395434.0,37863.0
TX,2015,Female,6135606.0,5.7,5787808.0,347798.0,13462.0
TX,2016,Male,7426255.0,5.6,7013114.0,413141.0,38393.0
TX,2016,Female,6261448.0,5.5,5914342.0,347106.0,14237.0
TX,2017,Male,7559984.0,5.1,7174258.0,385726.0,39037.0
TX,2017,Female,6358324.0,5.2,6027633.0,330691.0,14354.0
TX,2018,Male,7699222.0,4.8,7327839.0,371383.0,39545.0
TX,2018,Female,6486431.0,5.0,6163329.0,323102.0,14339.0
TX,2019,Male,7836443.0,4.3,7502391.0,334052.0,40965.0
TX,2019,Female,6629210.0,4.5,6328185.0,301025.0,16004.0
TX,2020,Male,,,,,41037.0
TX,2020,Female,,,,,16527.0
TX,2021,Male,7975308.0,6.1,7492559.0,482749.0,43456.0
TX,2021,Female,6731734.0,6.4,6303670.0,428064.0,17047.0
TX,2022,Male,8277962.0,4.3,7920235.0,357727.0,45248.0
TX,2022,Female,6971385.0,4.5,6658198.0,313187.0,18153.0
TX,2023,Male,8396346.0,4.2,8046336.0,350010.0,44660.0
TX,2023,Female,7216469.0,4.7,6880425.0,336044.0,19831.0
TX,2024,Male,,,,,
TX,2024,Female,,,,,
TX,2025,Male,,,,,
TX,2025,Female,,,,,
UT,2014,Male,801469.0,5.0,761411.0,40058.0,5991.0
UT,2014,Female,634282.0,4.9,602981.0,31301.0,1129.0
UT,2015,Male,826293.0,4.0,793605.0,32688.0,5925.0
UT,2015,Female,646242.0,3.9,620732.0,25510.0,1080.0
UT,2016,Male,845672.0,4.1,810588.0,35084.0,6009.0
UT,2016,Female,669646.0,4.0,642813.0,26833.0,1152.0
UT,2017,Male,867807.0,3.5,837398.0,30409.0,6534.0
UT,2017,Female,692891.0,3.6,667605.0,25286.0,1518.0
UT,2018,Male,877739.0,3.1,850337.0,27402.0,6748.0
UT,2018,Female,705998.0,3.2,683225.0,22773.0,1763.0
UT,2019,Male,906946.0,3.2,878331.0,28615.0,6842.0
UT,2019,Female,744006.0,3.2,720199.0,23807.0,1514.0
UT,2020,Male,,,,,7514.0
UT,2020,Female,,,,,1681.0
UT,2021,Male,953418.0,3.3,922049.0,31369.0,7873.0
UT,2021,Female,760043.0,3.7,731719.0,28324.0,1667.0
UT,2022,Male,992866.0,2.7,966351.0,26515.0,7901.0
UT,2022,Female,790996.0,2.7,769503.0,21493.0,2181.0
UT,2023,Male,997578.0,3.1,966410.0,31168.0,7681.0
UT,2023,Female,821131.0,3.6,791650.0,29481.0,2287.0
UT,2024,Male,,,,,
UT,2024,Female,,,,,
UT,2025,Male,,,,,
UT,2025,Female,,,,,
VA,2014,Male,2229385.0,6.2,2090425.0,138960.0,15974.0
VA,2014,Female,2070836.0,5.9,1949259.0,121577.0,5423.0
VA,2015,Male,2228658.0,5.5,2106890.0,121768.0,16116.0
VA,2015,Female,2089240.0,5.5,1974710.0,114530.0,6248.0
VA,2016,Male,2241251.0,5.1,2126520.0,114731.0,16533.0
VA,2016,Female,2092389.0,4.9,1988966.0,103423.0,6767.0
VA,2017,Male,2251091.0,4.6,2146794.0,104297.0,16290.0
VA,2017,Female,2114593.0,4.6,2018136.0,96457.0,7090.0
VA,2018,Male,2259740.0,4.1,2167141.0,92599.0,15402.0
VA,2018,Female,2104396.0,4.3,2013774.0,90622.0,8798.0
VA,2019,Male,2251019.0,3.9,2163005.0,88014.0,17060.0
VA,2019,Female,2153908.0,4.1,2066394.0,87514.0,7386.0
VA,2020,Male,,,,,16497.0
VA,2020,Female,,,,,8102.0
VA,2021,Male,2292937.0,4.6,2187427.0,105510.0,16366.0
VA,2021,Female,2124809.0,5.0,2018995.0,105814.0,7882.0
VA,2022,Male,2319402.0,3.8,2231944.0,87458.0,16421.0
VA,2022,Female,2140264.0,3.4,2066617.0,73647.0,7825.0
VA,2023,Male,2306396.0,3.6,2223892.0,82504.0,16119.0
VA,2023,Female,2176235.0,3.8,2094108.0,82127.0,8288.0
VA,2024,Male,,,,,
VA,2024,Female,,,,,
VA,2025,Male,,,,,
VA,2025,Female,,,,,
VT,2014,Male,175784.0,4.9,167115.0,8669.0,1318.0
VT,2014,Female,168173.0,6.0,158096.0,10077.0,331.0
VT,2015,Male,173657.0,4.5,165927.0,7730.0,1152.0
VT,2015,Female,167032.0,3.1,161914.0,5118.0,372.0
VT,2016,Male,172459.0,4.3,164971.0,7488.0,1201.0
VT,2016,Female,165632.0,3.5,159853.0,5779.0,394.0
VT,2017,Male,171916.0,4.4,164417.0,7499.0,1171.0
VT,2017,Female,166998.0,3.1,161738.0,5260.0,432.0
VT,2018,Male,172867.0,4.9,164358.0,8509.0,1168.0
VT,2018,Female,171208.0,2.7,166589.0,4619.0,380.0
VT,2019,Male,176406.0,3.6,170010.0,6396.0,1055.0
VT,2019,Female,166393.0,3.1,161237.0,5156.0,522.0
VT,2020,Male,,,,,1151.0
VT,2020,Female,,,,,388.0
VT,2021,Male,178200.0,4.8,169717.0,8483.0,1119.0
VT,2021,Female,169583.0,3.6,163418.0,6165.0,523.0
VT,2022,Male,180486.0,3.1,174834.0,5652.0,1073.0
VT,2022,Female,173928.0,2.5,169567.0,4361.0,441.0
VT,2023,Male,181334.0,2.5,176798.0,4536.0,959.0
VT,2023,Female,173688.0,2.7,168954.0,4734.0,616.0
VT,2024,Male,,,,,
VT,2024,Female,,,,,
VT,2025,Male,,,,,
VT,2025,Female,,,,,
WA,2014,Male,1911833.0,6.6,1784999.0,126834.0,11398.0
WA,2014,Female,1652180.0,6.4,1546889.0,105291.0,4501.0
WA,2015,Male,1947514.0,5.9,1831920.0,115594.0,11943.0
WA,2015,Female,1665913.0,6.0,1566054.0,99859.0,4434.0
WA,2016,Male,1985398.0,5.8,1870122.0,115276.0,12094.0
WA,2016,Female,1710877.0,5.0,1626019.0,84858.0,4966.0
WA,2017,Male,2033010.0,4.9,1933026.0,99984.0,11654.0
WA,2017,Female,1753157.0,4.9,1666727.0,86430.0,5144.0
WA,2018,Male,2068651.0,4.4,1977346.0,91305.0,11697.0
WA,2018,Female,1790178.0,4.2,1715254.0,74924.0,4652.0
WA,2019,Male,2112471.0,4.4,2018763.0,93708.0,12582.0
WA,2019,Female,1816291.0,4.7,1730646.0,85645.0,0.0
WA,2020,Male,,,,,11897.0
WA,2020,Female,,,,,5549.0
WA,2021,Male,2106365.0,5.8,1983983.0,122382.0,11928.0
WA,2021,Female,1822293.0,6.0,1712581.0,109712.0,4864.0
WA,2022,Male,2188205.0,4.1,2097701.0,90504.0,11706.0
WA,2022,Female,1841215.0,4.0,1768240.0,72975.0,6091.0
WA,2023,Male,2182772.0,4.6,2083116.0,99656.0,11858.0
WA,2023,Female,1886762.0,4.4,1804034.0,82728.0,6314.0
WA,2024,Male,,,,,
WA,2024,Female,,,,,
WA,2025,Male,,,,,
WA,2025,Female,,,,,
WI,2014,Male,1600337.0,5.8,1507236.0,93101.0,7184.0
WI,2014,Female,1480010.0,4.8,1409627.0,70383.0,1829.0
WI,2015,Male,1608635.0,4.7,1533690.0,74945.0,6788.0
WI,2015,Female,1482786.0,3.8,1425965.0,56821.0,2125.0
WI,2016,Male,1607581.0,4.2,1540249.0,67332.0,6700.0
WI,2016,Female,1481084.0,4.0,1422446.0,58638.0,1942.0
WI,2017,Male,1611979.0,3.8,1551032.0,60947.0,6815.0
WI,2017,Female,1474683.0,3.2,1428171.0,46512.0,1840.0
WI,2018,Male,1608913.0,3.4,1553475.0,55438.0,5917.0
WI,2018,Female,1483031.0,2.9,1440241.0,42790.0,2478.0
WI,2019,Male,1610044.0,3.6,1551883.0,58161.0,6373.0
WI,2019,Female,1490903.0,2.7,1450191.0,40712.0,2283.0
WI,2020,Male,,,,,6157.0
WI,2020,Female,,,,,2358.0
WI,2021,Male,1626560.0,3.8,1564209.0,62351.0,6360.0
WI,2021,Female,1474624.0,3.2,1426927.0,47697.0,2195.0
WI,2022,Male,1646169.0,2.9,1598848.0,47321.0,6288.0
WI,2022,Female,1477255.0,2.6,1438115.0,39140.0,2361.0
WI,2023,Male,1641360.0,3.0,1591682.0,49678.0,6242.0
WI,2023,Female,1502130.0,2.5,1464849.0,37281.0,2385.0
WI,2024,Male,,,,,
WI,2024,Female,,,,,
WI,2025,Male,,,,,
WI,2025,Female,,,,,
WV,2014,Male,428014.0,7.8,394573.0,33441.0,1571.0
WV,2014,Female,375386.0,5.8,353570.0,21816.0,516.0
WV,2015,Male,426002.0,8.2,390899.0,35103.0,1419.0
WV,2015,Female,370706.0,6.2,347539.0,23167.0,570.0
WV,2016,Male,418060.0,9.0,380231.0,37829.0,1659.0
WV,2016,Female,383244.0,6.0,360282.0,22962.0,510.0
WV,2017,Male,412072.0,7.1,382680.0,29392.0,1501.0
WV,2017,Female,365114.0,6.2,342520.0,22594.0,509.0
WV,2018,Male,415746.0,6.3,389501.0,26245.0,1415.0
WV,2018,Female,371710.0,5.2,352316.0,19394.0,0.0
WV,2019,Male,420607.0,6.6,392919.0,27688.0,0.0
WV,2019,Female,371798.0,5.3,352062.0,19736.0,390.0
WV,2020,Male,,,,,1532.0
WV,2020,Female,,,,,0.0
WV,2021,Male,405370.0,6.7,378183.0,27187.0,1515.0
WV,2021,Female,364050.0,5.7,343296.0,20754.0,472.0
WV,2022,Male,405235.0,5.0,384929.0,20306.0,1385.0
WV,2022,Female,366991.0,4.4,350715.0,16276.0,538.0
WV,2023,Male,414374.0,4.7,394949.0,19425.0,0.0
WV,2023,Female,378784.0,4.3,362356.0,16428.0,473.0
WV,2024,Male,,,,,
WV,2024,Female,,,,,
WV,2025,Male,,,,,
WV,2025,Female,,,,,
WY,2014,Male,170294.0,4.4,162807.0,7487.0,1371.0
WY,2014,Female,142408.0,4.2,136418.0,5990.0,303.0
WY,2015,Male,167221.0,4.7,159435.0,7786.0,1305.0
WY,2015,Female,143148.0,5.1,135893.0,7255.0,343.0
WY,2016,Male,167040.0,6.3,156456.0,10584.0,1540.0
WY,2016,Female,137543.0,4.7,131127.0,6416.0,173.0
WY,2017,Male,163963.0,6.3,153620.0,10343.0,1221.0
WY,2017,Female,133615.0,3.8,128582.0,5033.0,578.0
WY,2018,Male,162084.0,4.0,155610.0,6474.0,0.0
WY,2018,Female,137036.0,3.8,131826.0,5210.0,527.0
WY,2019,Male,158721.0,3.7,152796.0,5925.0,1575.0
WY,2019,Female,135568.0,3.4,130954.0,4614.0,460.0
WY,2020,Male,,,,,1522.0
WY,2020,Female,,,,,619.0
WY,2021,Male,163569.0,4.3,156518.0,7051.0,1607.0
WY,2021,Female,135034.0,3.1,130914.0,4120.0,680.0
WY,2022,Male,164199.0,4.6,156585.0,7614.0,1753.0
WY,2022,Female,138248.0,2.7,134453.0,3795.0,525.0
WY,2023,Male,158181.0,2.6,154013.0,4168.0,1854.0
WY,2023,Female,136387.0,3.9,131033.0,5354.0,764.0
WY,2024,Male,,,,,
WY,2024,Female,,,,,
WY,2025,Male,,,,,
WY,2025,Female,,,,,
