state,year,male_employed,female_employed,male_unemployed,female_unemployed,male_labor_force,female_labor_force,male_unemployment_rate,female_unemployment_rate,male_business_owners_psts,female_business_owners_psts,male_psts_employers,female_psts_employers,male_psts_self_employed,female_psts_self_employed
Aguascalientes,2014,312530.0,190303.5,20909.5,11133.75,333439.5,201437.25,0.0627085273340441,0.0552715547893947,3455.5,765.5,1190.0,138.5,2265.5,627.0
Aguascalientes,2015,323843.5,195889.5,16598.5,7914.5,340442.0,203804.0,0.0487557351913101,0.0388338796098212,3410.0,1191.25,1273.25,366.75,2136.75,824.5
Aguascalientes,2016,332386.25,213184.5,14272.25,8297.75,346658.5,221482.25,0.041170921814985,0.037464627526585,4197.5,960.25,1988.25,247.0,2209.25,713.25
Aguascalientes,2017,337796.75,213449.5,13677.25,7106.5,351474.0,220556.0,0.038913973722096,0.0322208418723589,2690.5,782.25,955.25,25.75,1735.25,756.5
Aguascalientes,2018,349446.5,220222.75,12833.5,7510.25,362280.0,227733.0,0.0354242574804019,0.0329783123218857,4300.75,962.25,885.75,111.75,3415.0,850.5
Aguascalientes,2019,359852.0,230826.0,14148.0,7412.0,374000.0,238238.0,0.0378288770053475,0.0311117453974596,5076.75,1574.25,1331.5,221.75,3745.25,1352.5
Aguascalientes,2020,360011.3333333333,232592.66666666663,18755.33333333333,9616.666666666666,378766.6666666666,242209.33333333328,0.0495168529437648,0.0397039475495026,6158.0,1648.0,2214.6666666666665,364.6666666666667,3943.3333333333335,1283.3333333333333
Aguascalientes,2021,368785.25,244729.75,17363.75,9087.5,386149.0,253817.25,0.044966450774183,0.0358033191203513,4517.5,1777.25,847.0,208.5,3670.5,1568.75
Aguascalientes,2022,376938.0,255026.25,15050.0,9745.75,391988.0,264772.0,0.0383940324703817,0.0368080839363678,5382.25,2130.5,1376.0,233.0,4006.25,1897.5
Aguascalientes,2023,376793.0,270553.25,14195.75,7373.0,390988.75,277926.25,0.0363073106323391,0.0265286204523682,4485.75,2289.0,991.5,355.75,3494.25,1933.25
Aguascalientes,2024,385925.0,274231.25,13795.0,8157.75,399720.0,282389.0,0.0345116581607125,0.0288883419679945,4345.75,2367.25,1128.25,396.75,3217.5,1970.5
Baja California,2014,900733.75,581668.25,58243.0,31111.5,958976.75,612779.75,0.0607345277140452,0.0507710967929341,12639.0,4771.75,2815.5,339.75,9823.5,4432.0
Baja California,2015,943149.5,586755.25,43923.0,22587.0,987072.5,609342.25,0.0444982511416334,0.0370678383125411,12957.5,5486.75,3364.75,1156.0,9592.75,4330.75
Baja California,2016,978388.0,622605.25,27232.25,16975.0,1005620.25,639580.25,0.0270800533302705,0.0265408445617262,11963.5,5589.5,2844.75,698.25,9118.75,4891.25
Baja California,2017,1005626.5,658912.25,30981.25,17887.25,1036607.75,676799.5,0.0298871487310412,0.02642917141635,10914.25,4710.25,3484.0,1426.75,7430.25,3283.5
Baja California,2018,1042289.0,683526.5,27065.25,17461.25,1069354.25,700987.75,0.0253099008116346,0.0249094937821666,13264.0,5243.0,3723.5,910.75,9540.5,4332.25
Baja California,2019,1049638.75,698628.0,29356.75,16345.0,1078995.5,714973.0,0.0272074814028418,0.022861003142776,13376.25,5308.5,4200.25,641.5,9176.0,4667.0
Baja California,2020,1016956.0,658768.6666666666,30590.0,14049.333333333334,1047546.0,672818.0,0.0292015816011898,0.020881327986667,14171.0,7106.0,3363.333333333333,1180.3333333333333,10807.666666666666,5925.666666666667
Baja California,2021,1063935.0,686996.5,27184.25,17333.25,1091119.25,704329.75,0.0249140962365021,0.0246095667547764,18012.25,7839.0,4752.75,1742.5,13259.5,6096.5
Baja California,2022,1070130.25,719232.25,30123.75,14468.75,1100254.0,733701.0,0.0273789052346094,0.0197202266318295,15194.75,7094.75,4685.5,1697.0,10509.25,5397.75
Baja California,2023,1075719.0,730160.75,24778.0,15427.75,1100497.0,745588.5,0.0225152817317993,0.0206920439357634,14617.0,6972.0,3847.25,1337.25,10769.75,5634.75
Baja California,2024,1060654.75,718885.25,29244.0,16617.5,1089898.75,735502.75,0.0268318502062691,0.0225933893517053,11729.25,7220.5,3359.0,2083.5,8370.25,5137.0
Baja California Sur,2014,194643.25,124340.25,10980.25,8982.0,205623.5,133322.25,0.0533997816397444,0.06737060018114,2294.5,772.25,782.75,274.25,1511.75,498.0
Baja California Sur,2015,201761.0,128101.25,9263.5,7316.0,211024.5,135417.25,0.0438977464701965,0.0540256134281267,2516.75,1363.25,853.75,731.0,1663.0,632.25
Baja California Sur,2016,206199.5,130022.0,9274.75,6964.0,215474.25,136986.0,0.0430434263026788,0.050837311842086,1905.0,909.75,664.25,277.25,1240.75,632.5
Baja California Sur,2017,213174.5,134227.0,8085.5,7739.25,221260.0,141966.25,0.0365429811081985,0.0545147174064258,2497.25,718.25,788.75,139.5,1708.5,578.75
Baja California Sur,2018,216956.5,147833.0,7692.0,6655.0,224648.5,154488.0,0.0342401574014516,0.0430777795039096,2680.5,1049.25,876.5,368.75,1804.0,680.5
Baja California Sur,2019,231616.25,158939.5,9605.75,8709.75,241222.0,167649.25,0.0398212020462478,0.0519522157122683,2240.5,1047.75,553.75,216.75,1686.75,831.0
Baja California Sur,2020,222678.3333333333,146708.66666666666,12140.333333333334,9259.666666666666,234818.66666666663,155968.3333333333,0.0517008869255141,0.0593688889838749,2296.333333333333,777.3333333333334,556.3333333333334,69.0,1740.0,708.3333333333334
Baja California Sur,2021,239400.75,164403.75,8935.0,8086.5,248335.75,172490.25,0.035979515635586,0.0468809106601677,3059.0,1932.25,995.0,1231.0,2064.0,701.25
Baja California Sur,2022,251529.0,175978.5,6571.75,5885.25,258100.75,181863.75,0.0254619562322077,0.0323607645833762,3611.25,2736.75,1047.5,504.0,2563.75,2232.75
Baja California Sur,2023,270980.75,181762.0,6941.25,5757.5,277922.0,187519.5,0.0249755327034203,0.0307034735054221,3330.75,1864.25,779.25,232.5,2551.5,1631.75
Baja California Sur,2024,270794.5,186932.5,5508.25,5092.25,276302.75,192024.75,0.0199355598161798,0.0265187169883048,2900.0,2037.0,723.25,1071.5,2176.75,965.5
Campeche,2014,236120.5,130538.0,6682.75,3936.25,242803.25,134474.25,0.027523313629451,0.0292714032612191,1422.0,479.5,520.5,169.5,901.5,310.0
Campeche,2015,237919.25,131710.75,7005.5,3975.0,244924.75,135685.75,0.02860266265455,0.0292956334766178,1818.75,321.25,613.75,64.25,1205.0,257.0
Campeche,2016,238700.0,129017.0,8700.5,5442.0,247400.5,134459.0,0.0351676734687278,0.0404733041298834,1503.5,470.25,453.75,74.5,1049.75,395.75
Campeche,2017,231442.5,137218.5,9253.0,5323.5,240695.5,142542.0,0.0384427627437987,0.0373468872332365,1922.75,627.75,381.75,93.5,1541.0,534.25
Campeche,2018,237585.75,141199.5,7800.0,5016.5,245385.75,146216.0,0.0317866868797393,0.0343088307709142,1813.5,597.25,473.75,192.0,1339.75,405.25
Campeche,2019,249755.25,151208.75,7462.75,6191.5,257218.0,157400.25,0.0290133272166022,0.0393360239262644,2055.25,574.75,594.25,170.5,1461.0,404.25
Campeche,2020,250817.3333333333,146333.0,8802.333333333334,4823.333333333333,259619.66666666663,151156.33333333334,0.0339047247319476,0.0319095682395047,1931.0,449.33333333333337,414.3333333333333,58.66666666666666,1516.6666666666667,390.6666666666667
Campeche,2021,265002.25,158909.0,7428.75,5493.0,272431.0,164402.0,0.0272683725420381,0.0334120022870768,2291.0,403.75,537.5,79.75,1753.5,324.0
Campeche,2022,265991.25,162651.75,6170.75,5154.75,272162.0,167806.5,0.0226730770643954,0.0307184167478613,2376.0,634.0,519.75,165.75,1856.25,468.25
Campeche,2023,269077.0,166187.75,4405.0,3410.0,273482.0,169597.75,0.0161070929713838,0.0201063988172012,2409.25,417.5,529.0,74.75,1880.25,342.75
Campeche,2024,269130.0,170862.25,4613.0,3684.75,273743.0,174547.0,0.0168515724603003,0.0211103599603545,2170.25,569.75,620.25,182.75,1550.0,387.0
Chiapas,2014,1272740.5,506770.5,39790.25,17992.5,1312530.75,524763.0,0.0303156706995245,0.0342869066607211,7608.5,1147.5,2188.75,351.75,5419.75,795.75
Chiapas,2015,1308902.0,532788.25,40551.25,18282.5,1349453.25,551070.75,0.030050133266936,0.0331763208263185,8149.5,2369.25,1385.5,735.25,6764.0,1634.0
Chiapas,2016,1326229.5,551180.75,40839.25,18504.25,1367068.75,569685.0,0.0298735890203034,0.0324815468197337,6504.25,2069.0,1485.25,943.5,5019.0,1125.5
Chiapas,2017,1330016.0,509717.0,31589.25,17071.25,1361605.25,526788.25,0.0232000060223034,0.0324062846883923,9659.25,1937.0,1991.25,479.0,7668.0,1458.0
Chiapas,2018,1359904.25,502108.5,33291.0,20002.0,1393195.25,522110.5,0.0238954303066996,0.038309898000519,8387.0,1829.25,1568.5,412.25,6818.5,1417.0
Chiapas,2019,1398796.0,605971.25,37632.75,28930.25,1436428.75,634901.5,0.0261988281702103,0.0455665170109064,7997.75,2708.5,1606.0,446.75,6391.75,2261.75
Chiapas,2020,1414997.6666666667,592692.3333333334,37585.333333333336,22279.666666666668,1452583.0,614972.0,0.0258748266593601,0.0362287497100139,9644.0,2496.333333333333,1874.0,710.3333333333334,7770.0,1786.0
Chiapas,2021,1471557.75,658020.75,41458.5,28315.75,1513016.25,686336.5,0.0274012258625774,0.0412563662285191,9760.0,1494.25,2127.0,228.25,7633.0,1266.0
Chiapas,2022,1464278.75,681779.0,28915.25,24421.75,1493194.0,706200.75,0.0193646974204289,0.0345818805771588,12530.5,2269.75,3211.0,688.75,9319.5,1581.0
Chiapas,2023,1460345.5,705080.5,27450.25,19779.25,1487795.75,724859.75,0.0184502812297991,0.0272870027615687,11613.25,3013.0,3228.25,657.25,8385.0,2355.75
Chiapas,2024,1517601.25,689914.25,27633.75,17517.75,1545235.0,707432.0,0.0178832022313758,0.0247624506666365,11364.75,3784.5,3136.25,1168.75,8228.5,2615.75
Chihuahua,2014,924371.25,509787.0,39283.5,24207.5,963654.75,533994.5,0.0407651184202641,0.045332863915265,9026.0,1336.0,2293.5,261.5,6732.5,1074.5
Chihuahua,2015,957926.75,521820.5,37935.25,19357.0,995862.0,541177.5,0.0380928783305317,0.0357683015276873,5472.5,2849.5,2316.0,711.75,3156.5,2137.75
Chihuahua,2016,961944.75,567053.0,32052.5,17744.75,993997.25,584797.75,0.0322460650670814,0.030343396499046,7591.0,3394.75,2281.0,901.0,5310.0,2493.75
Chihuahua,2017,955011.5,592566.75,26648.25,16292.5,981659.75,608859.25,0.0271461165643187,0.0267590580253153,6937.75,1781.25,1515.75,463.0,5422.0,1318.25
Chihuahua,2018,975645.25,650325.75,29778.5,22954.75,1005423.75,673280.5,0.0296178601311138,0.0340938880600284,7299.75,3140.5,2705.5,333.25,4594.25,2807.25
Chihuahua,2019,1000918.25,640158.5,30335.0,21206.0,1031253.25,661364.5,0.029415664871844,0.0320640131122852,8041.75,3480.5,1486.5,457.0,6555.25,3023.5
Chihuahua,2020,1006224.6666666666,647633.3333333334,39345.333333333336,29143.666666666668,1045570.0,676777.0,0.0376305109493705,0.0430624366174776,8285.666666666666,2285.0,2354.333333333333,316.6666666666667,5931.333333333333,1968.3333333333333
Chihuahua,2021,1032866.0,649614.25,36846.0,21658.75,1069712.0,671273.0,0.0344447851384297,0.0322651886788236,9713.25,3132.0,2413.5,760.25,7299.75,2371.75
Chihuahua,2022,1082697.0,678217.75,23922.5,18875.5,1106619.5,697093.25,0.021617638221629,0.0270774390657204,9354.5,3505.0,2028.5,823.5,7326.0,2681.5
Chihuahua,2023,1088791.5,707321.75,28154.75,17895.0,1116946.25,725216.75,0.0252068978252086,0.0246753815324866,8726.0,4601.75,2695.5,1180.0,6030.5,3421.75
Chihuahua,2024,1066753.0,737885.75,23175.0,20809.5,1089928.0,758695.25,0.0212628724099206,0.0274280088085433,8905.25,4411.0,2856.75,1095.75,6048.5,3315.25
Ciudad de México,2014,2274566.5,1834730.5,167283.0,122127.25,2441849.5,1956857.75,0.0685066790561826,0.062409876241643,61850.5,20257.0,14511.5,3479.25,47339.0,16777.75
Ciudad de México,2015,2385884.0,1861433.25,130154.5,109366.75,2516038.5,1970800.0,0.0517299317955587,0.055493581286787,61722.75,22051.75,15747.0,2492.5,45975.75,19559.25
Ciudad de México,2016,2434488.75,1852542.5,133899.25,93372.25,2568388.0,1945914.75,0.0521335756124074,0.0479837310447438,64368.0,30067.25,17417.25,6957.0,46950.75,23110.25
Ciudad de México,2017,2388420.0,1912518.0,111006.0,96706.25,2499426.0,2009224.25,0.0444125971323015,0.0481311381743476,60159.0,23610.0,15965.5,4076.75,44193.5,19533.25
Ciudad de México,2018,2461214.25,1975242.5,123171.75,92021.75,2584386.0,2067264.25,0.0476599664291634,0.0445137819221708,73316.5,31835.75,19842.75,4986.5,53473.75,26849.25
Ciudad de México,2019,2533623.25,1961710.5,137307.5,99178.25,2670930.75,2060888.75,0.0514081093266832,0.0481240193096303,87216.75,28744.75,17992.0,4621.75,69224.75,24123.0
Ciudad de México,2020,2216031.333333333,1760982.6666666667,168969.33333333334,100779.0,2385000.6666666665,1861761.6666666667,0.0708466608395078,0.0541309888394235,50837.66666666666,29574.666666666668,10874.0,6161.0,39963.66666666666,23413.666666666668
Ciudad de México,2021,2357508.0,1854203.5,169165.75,140129.25,2526673.75,1994332.75,0.0669519561043446,0.0702637260507305,65130.25,32657.5,10033.5,3491.25,55096.75,29166.25
Ciudad de México,2022,2524963.0,2016232.75,143922.0,107607.0,2668885.0,2123839.75,0.0539258903999235,0.0506662520088909,93550.25,30810.0,20726.75,5716.25,72823.5,25093.75
Ciudad de México,2023,2588215.75,2104934.25,105505.5,91341.5,2693721.25,2196275.75,0.0391671929677207,0.0415892676500207,84891.5,31075.0,28742.25,5115.25,56149.25,25959.75
Ciudad de México,2024,2581959.5,2281537.25,103598.5,98585.0,2685558.0,2380122.25,0.0385761543783452,0.0414201413393786,73207.5,37320.25,18582.75,8479.75,54624.75,28840.5
Coahuila de Zaragoza,2014,762535.25,457074.75,42199.25,27255.5,804734.5,484330.25,0.0524387235790189,0.056274618403455,5900.5,1237.25,1493.0,125.25,4407.5,1112.0
Coahuila de Zaragoza,2015,770787.25,458409.0,36968.5,29100.0,807755.75,487509.0,0.0457669289262255,0.0596912057008178,7130.25,1567.0,2886.75,330.5,4243.5,1236.5
Coahuila de Zaragoza,2016,801138.5,463741.5,33507.75,25340.0,834646.25,489081.5,0.040146049898385,0.0518114056655179,6152.0,2593.0,1362.5,264.25,4789.5,2328.75
Coahuila de Zaragoza,2017,814990.5,468061.25,33876.75,25061.0,848867.25,493122.25,0.0399081835233954,0.050821069217623,7666.0,2113.0,2298.25,638.75,5367.75,1474.25
Coahuila de Zaragoza,2018,820878.5,492396.5,35095.5,21623.5,855974.0,514020.0,0.0410006612350375,0.0420674292829072,7531.25,1937.5,2620.75,494.25,4910.5,1443.25
Coahuila de Zaragoza,2019,825861.0,510271.5,38915.5,24883.25,864776.5,535154.75,0.0450006446752426,0.0464972982114052,6746.25,2002.25,2120.5,323.0,4625.75,1679.25
Coahuila de Zaragoza,2020,820455.6666666666,497857.3333333333,59786.0,25807.0,880241.6666666666,523664.3333333333,0.0679199840952768,0.04928156904582,9282.666666666666,1790.0,3223.6666666666665,246.3333333333333,6059.0,1543.6666666666667
Coahuila de Zaragoza,2021,862075.0,532978.5,46512.25,25691.5,908587.25,558670.0,0.0511918365572486,0.0459868974528791,8483.5,2930.0,2541.5,428.5,5942.0,2501.5
Coahuila de Zaragoza,2022,889476.75,562321.25,38390.25,24779.0,927867.0,587100.25,0.0413747336633375,0.0422057391390993,7782.25,3311.75,2112.5,519.5,5669.75,2792.25
Coahuila de Zaragoza,2023,900931.0,586277.0,37240.0,22969.25,938171.0,609246.25,0.0396942561643879,0.0377010937695554,9474.0,3679.5,2040.75,623.5,7433.25,3056.0
Coahuila de Zaragoza,2024,914896.5,593291.5,36126.5,24746.75,951023.0,618038.25,0.0379869887479062,0.0400408065358414,8708.25,3617.0,3214.5,1378.0,5493.75,2239.0
Colima,2014,185652.25,135647.25,9177.0,6825.25,194829.25,142472.5,0.0471027835912728,0.0479057361947042,1666.25,452.5,381.5,143.25,1284.75,309.25
Colima,2015,187879.5,136550.75,8787.75,7131.0,196667.25,143681.75,0.0446833420409346,0.0496305202296046,1817.5,301.75,546.75,49.25,1270.75,252.5
Colima,2016,194034.75,138034.0,8077.5,6059.75,202112.25,144093.75,0.0399654152581053,0.0420542181739319,2024.75,481.5,491.25,89.25,1533.5,392.25
Colima,2017,196176.75,143176.25,7127.75,5633.75,203304.5,148810.0,0.0350594797458983,0.0378586788522276,2359.25,584.25,792.0,196.25,1567.25,388.0
Colima,2018,205211.75,148873.0,6671.5,5241.5,211883.25,154114.5,0.0314866795747186,0.0340104273121607,2264.0,603.75,621.5,145.0,1642.5,458.75
Colima,2019,203360.25,153875.75,6734.0,6528.5,210094.25,160404.25,0.0320522812975605,0.0407002931655489,2076.5,692.0,618.25,198.5,1458.25,493.5
Colima,2020,203730.0,138223.66666666666,7630.666666666667,5432.333333333333,211360.66666666663,143656.0,0.0361025861008513,0.0378148725659445,2182.6666666666665,606.6666666666667,411.6666666666667,198.0,1771.0,408.6666666666667
Colima,2021,213853.25,159905.25,6184.25,5806.75,220037.5,165712.0,0.0281054365733113,0.0350412160857391,2417.5,948.5,668.75,191.25,1748.75,757.25
Colima,2022,221667.0,159439.75,5130.5,4946.5,226797.5,164386.25,0.0226215015597614,0.030090716224745,2788.5,1008.5,827.5,111.5,1961.0,897.0
Colima,2023,215085.5,161219.25,4994.25,3870.25,220079.75,165089.5,0.0226929101836947,0.023443344367752,1894.5,885.5,583.25,165.25,1311.25,720.25
Colima,2024,204988.5,164992.25,4713.0,3601.0,209701.5,168593.25,0.0224748034706475,0.0213590994894516,2113.25,514.0,575.25,103.25,1538.0,410.75
Durango,2014,427839.0,241728.0,23755.0,17783.0,451594.0,259511.0,0.0526025589356811,0.0685250336209255,2925.5,522.25,839.5,97.75,2086.0,424.5
Durango,2015,444640.0,264927.25,22252.5,14228.0,466892.5,279155.25,0.0476608641175431,0.0509680545144682,3306.75,733.0,1001.25,131.75,2305.5,601.25
Durango,2016,456092.0,274249.5,20054.0,14302.0,476146.0,288551.5,0.042117333758973,0.0495648090548827,2642.25,1242.75,767.0,599.0,1875.25,643.75
Durango,2017,455168.75,274699.0,16222.5,12732.5,471391.25,287431.5,0.0344140880850037,0.0442975108852022,4133.0,1058.75,1119.0,224.25,3014.0,834.5
Durango,2018,464483.75,284317.25,19293.75,14262.75,483777.5,298580.0,0.039881453767486,0.0477686047290508,3152.0,986.25,1133.0,212.25,2019.0,774.0
Durango,2019,473835.5,294774.5,19261.25,12951.25,493096.75,307725.75,0.0390618068360823,0.0420869881704732,3442.75,1001.5,936.25,153.5,2506.5,848.0
Durango,2020,479146.6666666667,285398.0,23366.666666666668,13348.0,502513.3333333334,298746.0,0.0464995953672871,0.0446800961351783,3386.333333333333,1588.3333333333333,702.6666666666666,107.0,2683.6666666666665,1481.3333333333333
Durango,2021,487401.0,309812.75,20752.0,13307.75,508153.0,323120.5,0.0408380940386064,0.0411850996764365,3471.75,1714.75,995.25,332.0,2476.5,1382.75
Durango,2022,491722.25,315074.5,15342.75,12150.0,507065.0,327224.5,0.0302579550945145,0.0371304715875492,3771.0,1848.5,1171.25,423.75,2599.75,1424.75
Durango,2023,493987.5,325288.75,13757.0,11090.75,507744.5,336379.5,0.0270943358322936,0.0329709450189443,3682.5,1912.25,1305.0,255.0,2377.5,1657.25
Durango,2024,488885.0,347050.75,15144.75,11200.75,504029.75,358251.5,0.0300473335155315,0.0312650470409754,4037.0,1491.25,904.75,265.0,3132.25,1226.25
Guanajuato,2014,1436422.25,928502.25,72705.25,47667.5,1509127.5,976169.75,0.0481770095634729,0.0488311587200894,10248.5,3828.25,3315.25,491.5,6933.25,3336.75
Guanajuato,2015,1455000.0,943639.75,73801.75,45559.75,1528801.75,989199.5,0.0482742448456773,0.046057190688026,11445.0,5037.5,3760.75,792.75,7684.25,4244.75
Guanajuato,2016,1495130.75,993065.5,61629.0,41905.0,1556759.75,1034970.5,0.0395879967991207,0.0404890767418008,16942.0,7374.75,4567.25,682.25,12374.75,6692.5
Guanajuato,2017,1552617.0,959479.5,61016.25,32096.0,1613633.25,991575.5,0.0378129602869797,0.0323686900291505,12450.0,5348.25,2929.5,1321.25,9520.5,4027.0
Guanajuato,2018,1607794.0,987406.0,62965.0,33872.5,1670759.0,1021278.5,0.0376864646546868,0.0331667610744767,12668.5,5315.25,2688.5,730.75,9980.0,4584.5
Guanajuato,2019,1566219.0,1050162.25,61994.0,38823.75,1628213.0,1088986.0,0.0380748710395998,0.0356512847731743,13882.5,3804.25,3516.25,640.75,10366.25,3163.5
Guanajuato,2020,1528170.6666666667,1024691.0,93019.33333333331,46263.66666666666,1621190.0,1070954.6666666667,0.0573771941187234,0.0431985294117646,14228.333333333334,4452.333333333333,3100.0,692.3333333333334,11128.333333333334,3760.0
Guanajuato,2021,1584403.75,1049546.25,94892.75,49728.75,1679296.5,1099275.0,0.0565074422533483,0.0452377703486388,21323.75,6584.5,3810.0,695.5,17513.75,5889.0
Guanajuato,2022,1639971.75,1094914.25,60722.75,35930.5,1700694.5,1130844.75,0.0357046782946613,0.0317731501163179,20078.0,7178.25,3158.25,930.5,16919.75,6247.75
Guanajuato,2023,1678875.5,1127101.25,54567.25,36201.5,1733442.75,1163302.75,0.0314791186498659,0.0311195860235007,15664.0,4861.5,3014.75,947.25,12649.25,3914.25
Guanajuato,2024,1637565.0,1181529.0,50433.0,34553.0,1687998.0,1216082.0,0.0298774050680154,0.0284133800187816,19805.5,8238.25,5448.0,1924.25,14357.5,6314.0
Guerrero,2014,847607.25,511901.25,15410.75,11881.0,863018.0,523782.25,0.0178568117930332,0.0226830901581716,6069.75,1139.75,639.75,21.0,5430.0,1118.75
Guerrero,2015,831010.75,514450.0,16528.0,12268.5,847538.75,526718.5,0.0195011732501906,0.0232923278753261,4799.5,736.75,954.5,69.5,3845.0,667.25
Guerrero,2016,847602.75,532655.0,18552.0,9861.0,866154.75,542516.0,0.0214188053578185,0.0181764224465269,7333.0,1317.0,1241.5,78.75,6091.5,1238.25
Guerrero,2017,852711.25,537988.75,14253.0,9001.75,866964.25,546990.5,0.0164401242611791,0.0164568671667972,4372.0,1887.5,910.0,328.25,3462.0,1559.25
Guerrero,2018,862191.0,543990.0,9704.0,7625.0,871895.0,551615.0,0.0111297805355002,0.0138230468714592,7277.25,2188.5,1182.0,119.25,6095.25,2069.25
Guerrero,2019,878176.5,584967.5,13974.25,8562.25,892150.75,593529.75,0.0156635523760978,0.0144259828593259,8189.25,1832.25,1270.5,34.25,6918.75,1798.0
Guerrero,2020,903574.3333333334,563378.3333333334,21135.33333333333,15189.0,924709.6666666667,578567.3333333334,0.022856182967699,0.0262527784147278,6145.0,512.3333333333333,1520.3333333333333,113.0,4624.666666666667,399.3333333333333
Guerrero,2021,892642.25,579336.25,15862.75,7320.5,908505.0,586656.75,0.0174602781492672,0.0124783359264169,5120.75,2246.75,2666.0,855.0,2454.75,1391.75
Guerrero,2022,888020.25,603801.75,13485.5,7601.75,901505.75,611403.5,0.0149588618819125,0.0124332785141072,6529.25,993.25,1134.0,104.75,5395.25,888.5
Guerrero,2023,920350.5,690939.0,10534.75,8380.75,930885.25,699319.75,0.0113169158067549,0.0119841460219019,5988.75,1117.5,900.5,114.75,5088.25,1002.75
Guerrero,2024,904361.5,672993.5,10216.0,9019.75,914577.5,682013.25,0.011170185140133,0.013225182941827,6753.0,1974.75,1345.75,472.75,5407.25,1502.0
Hidalgo,2014,718674.75,433191.0,30655.75,20622.5,749330.5,453813.5,0.04091085308819,0.045442676341713,6239.0,2457.75,1073.0,224.25,5166.0,2233.5
Hidalgo,2015,740710.25,472889.25,26647.75,21565.75,767358.0,494455.0,0.0347266204300991,0.0436151924846548,7525.5,2731.25,1394.5,891.25,6131.0,1840.0
Hidalgo,2016,730307.25,462006.25,23037.75,15624.75,753345.0,477631.0,0.0305806104772713,0.0327130148587507,3908.0,3995.0,772.0,563.5,3136.0,3431.5
Hidalgo,2017,742728.25,444183.75,20567.5,14719.0,763295.75,458902.75,0.0269456498349427,0.0320743338321681,6909.0,2002.5,1769.75,286.0,5139.25,1716.5
Hidalgo,2018,781299.75,489767.25,17677.0,14967.0,798976.75,504734.25,0.0221245486805467,0.0296532284068299,9787.0,2919.25,2485.0,326.25,7302.0,2593.0
Hidalgo,2019,783080.25,532250.25,17918.25,14882.0,800998.5,547132.25,0.0223698920784495,0.0272000051175926,6655.0,2971.5,1970.25,630.0,4684.75,2341.5
Hidalgo,2020,773496.0,487907.6666666667,19479.0,12221.666666666666,792975.0,500129.3333333334,0.0245644566348245,0.0244370122928202,4994.0,2101.0,1568.0,486.0,3426.0,1615.0
Hidalgo,2021,780053.75,527672.75,27508.5,12143.25,807562.25,539816.0,0.0340636279122754,0.0224951650191917,5142.5,2325.25,642.0,296.0,4500.5,2029.25
Hidalgo,2022,805544.75,597240.25,21163.25,12503.5,826708.0,609743.75,0.0255994256738775,0.0205061552496438,6499.5,2687.75,1502.5,289.0,4997.0,2398.75
Hidalgo,2023,845523.5,622345.75,22311.75,14173.25,867835.25,636519.0,0.0257096609062607,0.0222668137164797,10546.0,4801.25,1799.25,435.25,8746.75,4366.0
Hidalgo,2024,844864.25,607107.0,17134.5,13726.25,861998.75,620833.25,0.0198776390336992,0.0221093989408589,10377.0,3702.75,1968.0,753.75,8409.0,2949.0
Jalisco,2014,1981217.25,1284550.0,112011.5,65767.5,2093228.75,1350317.5,0.0535113517813091,0.0487052119223812,32025.0,8369.5,8583.25,1492.5,23441.75,6877.0
Jalisco,2015,2055264.5,1322434.0,98286.0,67537.0,2153550.5,1389971.0,0.0456390504889483,0.048588783506994,33996.25,13319.25,9300.0,1995.25,24696.25,11324.0
Jalisco,2016,2134833.5,1354969.75,82490.5,49453.5,2217324.0,1404423.25,0.0372027272514075,0.0352126753811573,31320.75,10189.5,8474.25,1769.0,22846.5,8420.5
Jalisco,2017,2184860.25,1417347.5,63873.75,40730.25,2248734.0,1458077.75,0.0284043154948517,0.027934209955539,39312.5,9793.0,9811.75,2707.25,29500.75,7085.75
Jalisco,2018,2213902.25,1426357.5,65400.5,36177.75,2279302.75,1462535.25,0.028693204533711,0.024736326868019,35269.25,9929.75,11505.75,2063.0,23763.5,7866.75
Jalisco,2019,2282143.75,1481254.0,72506.25,41862.25,2354650.0,1523116.25,0.0307927929840953,0.0274846059846055,36176.0,11909.0,8726.25,1113.0,27449.75,10796.0
Jalisco,2020,2225923.333333333,1442543.0,96531.66666666669,55736.66666666666,2322454.9999999995,1498279.6666666667,0.0415644938940331,0.0372004425520024,32746.33333333333,12662.0,6839.0,2138.6666666666665,25907.33333333333,10523.333333333334
Jalisco,2021,2328349.5,1499231.75,80050.0,54038.5,2408399.5,1553270.25,0.0332378411472017,0.0347901467886866,43939.75,18714.5,9219.25,1754.5,34720.5,16960.0
Jalisco,2022,2409562.25,1592182.5,64164.25,37260.5,2473726.5,1629443.0,0.0259382959272175,0.0228670165203692,41482.5,14837.0,9646.25,2840.75,31836.25,11996.25
Jalisco,2023,2353257.25,1694317.75,65164.5,36146.5,2418421.75,1730464.25,0.0269450520778685,0.020888325199437,43078.25,16675.25,10911.25,3435.0,32167.0,13240.25
Jalisco,2024,2361975.0,1590882.5,54189.25,30264.5,2416164.25,1621147.0,0.0224278005934406,0.0186685723133065,38839.25,17700.5,10968.25,1533.75,27871.0,16166.75
Michoacán de Ocampo,2014,1130536.5,662589.5,40106.5,25256.75,1170643.0,687846.25,0.0342602313429457,0.0367185980878721,7717.25,3293.0,2208.0,696.5,5509.25,2596.5
Michoacán de Ocampo,2015,1163842.75,686018.0,37711.5,22883.0,1201554.25,708901.0,0.0313855991104854,0.0322795425595393,8798.25,3216.25,2764.0,297.5,6034.25,2918.75
Michoacán de Ocampo,2016,1186281.0,706486.25,34200.25,19545.25,1220481.25,726031.5,0.0280219380674631,0.0269206639105879,8614.5,2883.25,2115.75,1036.25,6498.75,1847.0
Michoacán de Ocampo,2017,1185353.5,689281.25,29537.5,20630.75,1214891.0,709912.0,0.0243128807440338,0.0290609962924982,11575.25,3487.75,3451.75,611.75,8123.5,2876.0
Michoacán de Ocampo,2018,1226476.75,726054.5,25502.25,18773.0,1251979.0,744827.5,0.0203695509269724,0.0252044936579275,11408.0,4475.0,3296.75,1296.0,8111.25,3179.0
Michoacán de Ocampo,2019,1269373.75,770677.75,35786.25,21321.5,1305160.0,791999.25,0.0274190520702442,0.0269211113520625,11228.25,4175.25,3040.5,1728.75,8187.75,2446.5
Michoacán de Ocampo,2020,1236876.3333333333,733834.6666666666,30390.33333333333,17979.0,1267266.6666666665,751813.6666666666,0.0239810089957388,0.0239141702221428,10283.0,18419.0,3619.0,2783.333333333333,6664.0,15635.666666666666
Michoacán de Ocampo,2021,1273143.25,771102.25,28180.75,20302.0,1301324.0,791404.25,0.0216554447624112,0.0256531349180902,11139.0,4773.0,3819.25,488.75,7319.75,4284.25
Michoacán de Ocampo,2022,1336468.0,859591.75,21214.5,17153.25,1357682.5,876745.0,0.0156255236404682,0.0195646966905998,16585.0,4813.0,7367.5,1525.25,9217.5,3287.75
Michoacán de Ocampo,2023,1325738.5,870663.5,24182.5,19053.75,1349921.0,889717.25,0.0179140112643628,0.0214155115009852,11839.25,6439.5,3704.75,2210.25,8134.5,4229.25
Michoacán de Ocampo,2024,1333001.0,898752.25,24416.5,16043.25,1357417.5,914795.5,0.017987465168233,0.017537526146554,13876.25,6952.0,5756.25,3214.75,8120.0,3737.25
Morelos,2014,453293.75,314380.5,20282.25,11082.0,473576.0,325462.5,0.0428278671216446,0.0340500057610323,5602.0,2386.25,929.25,359.75,4672.75,2026.5
Morelos,2015,453625.0,311448.5,18375.0,7359.25,472000.0,318807.75,0.0389300847457627,0.0230836609210409,4705.5,1782.75,1086.0,368.5,3619.5,1414.25
Morelos,2016,469543.25,312770.75,14584.25,6593.0,484127.5,319363.75,0.0301248121620854,0.020644171418954,6239.0,1670.25,985.0,279.5,5254.0,1390.75
Morelos,2017,491502.75,307392.0,11396.25,5485.5,502899.0,312877.5,0.0226611108791228,0.0175324208356305,8277.25,1399.75,1287.25,232.0,6990.0,1167.75
Morelos,2018,508473.5,309833.5,12554.25,5162.0,521027.75,314995.5,0.0240951657565264,0.0163875356949543,6553.75,2304.75,990.25,301.0,5563.5,2003.75
Morelos,2019,501603.5,327225.5,13536.5,6048.75,515140.0,333274.25,0.0262773226695655,0.0181494669930245,6003.0,2633.0,1040.0,67.5,4963.0,2565.5
Morelos,2020,492656.6666666667,339293.0,12726.666666666666,7383.333333333333,505383.3333333334,346676.3333333333,0.0251822049269531,0.0212974830509533,6613.0,2880.6666666666665,602.6666666666666,99.0,6010.333333333333,2781.6666666666665
Morelos,2021,496368.0,330433.0,13178.75,6768.5,509546.75,337201.5,0.0258636719790676,0.0200725678859672,6031.5,2741.0,886.75,158.25,5144.75,2582.75
Morelos,2022,493128.25,348196.25,12673.25,6982.5,505801.5,355178.75,0.0250557778100697,0.0196591153046177,7948.75,2785.25,1182.5,342.25,6766.25,2443.0
Morelos,2023,502196.75,374118.25,10973.5,5639.75,513170.25,379758.0,0.0213837415555558,0.0148509050500581,11530.25,4303.75,1715.5,299.0,9814.75,4004.75
Morelos,2024,504999.75,372348.25,9535.25,6538.5,514535.0,378886.75,0.0185317811227613,0.0172571355424807,9233.25,4940.25,1152.5,574.25,8080.75,4366.0
México,2014,4196556.5,2424645.75,274889.75,140316.0,4471446.25,2564961.75,0.0614766978357393,0.0547049093422153,55415.75,15307.75,9970.25,248.75,45445.5,15059.0
México,2015,4227187.0,2557801.5,236550.25,153564.5,4463737.25,2711366.0,0.0529937666021896,0.0566373186061933,51878.25,11015.5,7272.5,1183.5,44605.75,9832.0
México,2016,4174519.0,2607321.75,227663.75,139174.75,4402182.75,2746496.5,0.0517161060612488,0.050673558113036,44422.5,18957.75,9068.25,2577.75,35354.25,16380.0
México,2017,4341681.5,2644336.5,169361.0,121271.5,4511042.5,2765608.0,0.0375436498326052,0.0438498514612338,45088.5,22159.0,4703.0,1418.5,40385.5,20740.5
México,2018,4435381.25,2757828.75,166050.25,129742.0,4601431.5,2887570.75,0.0360866504260685,0.0449311934608009,55887.75,29135.0,10978.5,4118.25,44909.25,25016.75
México,2019,4449418.5,2817461.0,208872.5,133556.0,4658291.0,2951017.0,0.0448388690187023,0.0452576179669585,52748.75,30722.5,9751.75,2887.25,42997.0,27835.25
México,2020,4246009.666666667,2628675.6666666665,275964.6666666667,166140.33333333334,4521974.333333334,2794816.0,0.0610274730292955,0.0594458931583808,76775.33333333333,19806.666666666664,9936.0,1733.3333333333333,66839.33333333333,18073.33333333333
México,2021,4478499.0,2812651.25,272069.5,173796.25,4750568.5,2986447.5,0.057270935047037,0.0581949791516509,76702.25,34497.75,13470.5,2719.5,63231.75,31778.25
México,2022,4582198.25,3154028.5,232116.5,149863.5,4814314.75,3303892.0,0.0482138190071598,0.0453596848807406,62187.25,23464.5,8386.0,1111.75,53801.25,22352.75
México,2023,4689216.75,3269840.75,180808.25,120216.75,4870025.0,3390057.5,0.0371267601295681,0.0354615666548428,55965.25,29053.25,16343.5,3208.5,39621.75,25844.75
México,2024,4818221.0,3291533.25,175372.5,115011.75,4993593.5,3406545.0,0.0351194986135735,0.0337619934567134,64645.5,44283.5,13492.5,5600.75,51153.0,38682.75
Nayarit,2014,301712.75,199822.5,18727.5,11208.5,320440.25,211031.0,0.0584430326714574,0.0531130497415071,2585.75,1153.75,560.25,221.5,2025.5,932.25
Nayarit,2015,310891.25,205817.25,18245.75,11093.75,329137.0,216911.0,0.055435122760431,0.051144248101756,2414.5,985.0,692.25,243.25,1722.25,741.75
Nayarit,2016,313362.75,214626.75,12778.75,9139.5,326141.5,223766.25,0.0391816128888841,0.0408439610531078,2443.5,962.75,593.25,79.5,1850.25,883.25
Nayarit,2017,326787.0,216347.0,12689.75,7482.5,339476.75,223829.5,0.0373803213327569,0.033429463051117,2573.25,870.5,711.25,260.25,1862.0,610.25
Nayarit,2018,335256.75,226802.5,15427.25,7691.25,350684.0,234493.75,0.043991884431568,0.0327993816466323,3109.75,1026.25,1009.25,270.25,2100.5,756.0
Nayarit,2019,332613.75,234890.75,14191.5,8968.25,346805.25,243859.0,0.0409206608031452,0.0367763748723647,3388.25,1786.75,859.25,501.5,2529.0,1285.25
Nayarit,2020,349035.0,243806.66666666663,17543.0,9292.666666666666,366578.0,253099.33333333328,0.0478561179339731,0.0367154924680428,2927.6666666666665,3935.6666666666665,696.6666666666666,272.0,2231.0,3663.6666666666665
Nayarit,2021,365965.0,238568.75,12285.0,5494.75,378250.0,244063.5,0.0324785194976867,0.0225136081388655,3284.25,981.25,522.25,486.0,2762.0,495.25
Nayarit,2022,348503.25,254180.0,10481.5,5868.25,358984.75,260048.25,0.029197619118918,0.0225660045779965,3072.75,1020.25,916.25,226.75,2156.5,793.5
Nayarit,2023,361381.75,259790.0,8553.75,4792.5,369935.5,264582.5,0.0231222740180382,0.0181134428769854,3594.5,2031.25,1269.25,368.75,2325.25,1662.5
Nayarit,2024,362480.5,266238.0,8441.5,5774.5,370922.0,272012.5,0.0227581540054243,0.0212288038233537,2763.75,2544.75,737.0,498.5,2026.75,2046.25
Nuevo León,2014,1385963.75,790537.75,69758.75,50717.5,1455722.5,841255.25,0.0479203625691022,0.0602878852761988,16751.0,2672.0,4867.25,737.25,11883.75,1934.75
Nuevo León,2015,1426595.5,826254.75,61827.75,46768.75,1488423.25,873023.5,0.0415390917872318,0.05357100925691,12941.25,5114.0,2929.25,539.5,10012.0,4574.5
Nuevo León,2016,1474265.75,868727.25,59638.25,45142.0,1533904.0,913869.25,0.0388800407326664,0.0493965630203664,14206.5,5614.75,2862.5,966.25,11344.0,4648.5
Nuevo León,2017,1533458.5,876457.25,57540.75,37546.0,1590999.25,914003.25,0.0361664218257802,0.0410786285497343,17367.5,6384.75,3674.75,1246.25,13692.75,5138.5
Nuevo León,2018,1547817.75,921280.5,57958.0,33935.25,1605775.75,955215.75,0.0360934582553012,0.0355262672333449,14585.75,5903.25,3277.5,996.25,11308.25,4907.0
Nuevo León,2019,1593038.0,974990.0,61761.25,33104.5,1654799.25,1008094.5,0.0373225030166045,0.0328386872460865,15310.25,6745.25,2629.0,599.5,12681.25,6145.75
Nuevo León,2020,1637323.6666666667,986153.6666666666,71492.33333333333,49419.66666666666,1708816.0,1035573.3333333333,0.0418373501496552,0.0477220348148529,13497.333333333332,6688.333333333334,4111.666666666667,2185.333333333333,9385.666666666666,4503.0
Nuevo León,2021,1706141.5,1027494.75,73880.5,54369.75,1780022.0,1081864.5,0.041505385888489,0.0502556004009744,20027.0,6362.5,6177.25,1557.5,13849.75,4805.0
Nuevo León,2022,1716467.5,1060561.75,67184.75,44992.5,1783652.25,1105554.25,0.0376669555402405,0.0406967817273553,14713.5,5843.25,3425.25,672.0,11288.25,5171.25
Nuevo León,2023,1740344.25,1100024.5,54080.75,36737.25,1794425.0,1136761.75,0.0301382058319517,0.0323174579017986,20064.0,7032.75,4705.75,1400.5,15358.25,5632.25
Nuevo León,2024,1766099.75,1153564.25,50663.25,37359.0,1816763.0,1190923.25,0.0278865487683313,0.0313697797066267,17848.25,6105.5,4421.75,537.0,13426.5,5568.5
Oaxaca,2014,948066.25,624757.25,32604.25,15248.75,980670.5,640006.0,0.0332468958737924,0.0238259485067327,7834.0,3012.25,1131.75,503.0,6702.25,2509.25
Oaxaca,2015,949056.0,623977.75,30057.0,17762.5,979113.0,641740.25,0.0306981931605442,0.0276786441243166,8056.25,1833.5,1574.75,275.5,6481.5,1558.0
Oaxaca,2016,978401.5,641106.75,20556.25,11826.0,998957.75,652932.75,0.0205776971048074,0.0181121256362159,6385.5,2260.25,821.75,334.5,5563.75,1925.75
Oaxaca,2017,962610.25,633552.5,22283.25,13371.25,984893.5,646923.75,0.0226250350926267,0.0206689737391771,6766.25,2421.25,1688.25,552.25,5078.0,1869.0
Oaxaca,2018,1005649.75,658017.25,14859.0,11834.5,1020508.75,669851.75,0.0145603847100772,0.0176673420648673,9061.75,2601.0,1429.75,526.75,7632.0,2074.25
Oaxaca,2019,1007378.25,778497.0,19649.0,12846.75,1027027.25,791343.75,0.0191319168989917,0.0162340954863167,7655.0,3210.25,1329.5,410.0,6325.5,2800.25
Oaxaca,2020,1034706.3333333334,758491.6666666666,22072.33333333333,17283.666666666668,1056778.6666666667,775775.3333333333,0.02088642970335,0.022279216577308,7585.0,3575.333333333333,1051.0,620.0,6534.0,2955.333333333333
Oaxaca,2021,1052379.5,751883.75,19224.75,10122.25,1071604.25,762006.0,0.0179401584120257,0.0132836880549497,6660.0,3112.75,1084.0,450.75,5576.0,2662.0
Oaxaca,2022,1066873.75,816849.25,14872.75,12376.75,1081746.5,829226.0,0.0137488311725529,0.0149256656207113,10203.5,3179.25,1438.75,858.75,8764.75,2320.5
Oaxaca,2023,1111459.25,773747.5,15414.25,13663.5,1126873.5,787411.0,0.0136787758341996,0.0173524372913256,12428.5,4703.0,2184.75,878.75,10243.75,3824.25
Oaxaca,2024,1089077.5,758143.0,15940.75,9839.25,1105018.25,767982.25,0.0144257798457174,0.0128118195440063,10213.0,4753.0,2168.25,614.75,8044.75,4138.25
Puebla,2014,1547334.0,973388.5,64027.25,38893.25,1611361.25,1012281.75,0.0397348825410813,0.0384213683591549,13976.5,5734.75,2515.5,1131.25,11461.0,4603.5
Puebla,2015,1587253.5,984048.75,49419.5,35730.5,1636673.0,1019779.25,0.0301950970047162,0.0350374848282116,17274.5,5133.5,3702.5,1136.5,13572.0,3997.0
Puebla,2016,1644352.0,1023974.75,48668.75,32301.0,1693020.75,1056275.75,0.0287466943331911,0.0305800828997541,20159.75,5843.75,4565.5,1255.25,15594.25,4588.5
Puebla,2017,1691288.0,1073575.75,43598.75,34560.0,1734886.75,1108135.75,0.0251306029053481,0.0311875147065691,23597.5,7553.25,5594.75,1342.0,18002.75,6211.25
Puebla,2018,1707483.75,1080766.25,45823.0,27203.25,1753306.75,1107969.5,0.0261351871256983,0.024552345529367,24640.25,8842.75,4672.25,1610.75,19968.0,7232.0
Puebla,2019,1757924.5,1136294.5,45039.75,33462.0,1802964.25,1169756.5,0.0249809445750241,0.0286059534612545,24955.5,8322.75,6057.0,814.5,18898.5,7508.25
Puebla,2020,1685956.3333333333,1100431.0,86644.0,44177.0,1772600.3333333333,1144608.0,0.0488796026778738,0.0385957463166429,16548.0,7972.0,2340.0,287.3333333333333,14208.0,7684.666666666667
Puebla,2021,1725412.0,1145326.75,70085.25,45720.25,1795497.25,1191047.0,0.039033894371044,0.0383866043909266,22495.25,8132.5,3230.0,308.75,19265.25,7823.75
Puebla,2022,1781929.0,1161868.5,54562.75,33048.0,1836491.75,1194916.5,0.0297103158780865,0.0276571626552985,23502.75,8189.75,3327.0,2068.75,20175.75,6121.0
Puebla,2023,1757973.0,1245254.0,45787.0,28385.25,1803760.0,1273639.25,0.0253841974542067,0.022286726794891,25056.5,8531.25,5155.5,769.5,19901.0,7761.75
Puebla,2024,1766310.25,1248808.0,42442.25,26227.0,1808752.5,1275035.0,0.0234649295578029,0.0205696314218825,25189.75,11279.0,5587.5,3024.75,19602.25,8254.25
Querétaro,2014,461485.5,286694.75,34502.75,11576.5,495988.25,298271.25,0.069563643896806,0.038811987410788,9124.25,3480.25,2224.75,938.0,6899.5,2542.25
Querétaro,2015,494288.5,307035.25,29008.0,10642.75,523296.5,317678.0,0.0554332008717811,0.0335016903908989,7804.75,3101.75,1758.5,862.0,6046.25,2239.75
Querétaro,2016,510429.5,310559.75,28104.5,10046.75,538534.0,320606.5,0.052187048542896,0.0313367009090583,9494.5,2740.75,2172.5,487.5,7322.0,2253.25
Querétaro,2017,527297.0,316652.25,27833.25,10235.25,555130.25,326887.5,0.0501382333245215,0.0313112309280715,10332.5,4364.75,2762.75,629.25,7569.75,3735.5
Querétaro,2018,561308.75,347594.25,24701.25,10826.75,586010.0,358421.0,0.0421515844439514,0.0302067959187659,11184.25,3783.25,3406.75,934.5,7777.5,2848.75
Querétaro,2019,570866.75,358978.0,29411.75,12554.5,600278.5,371532.5,0.0489968406331394,0.0337911219072355,15313.75,6503.0,4887.75,1161.75,10426.0,5341.25
Querétaro,2020,582852.0,379299.6666666667,45003.333333333336,18374.666666666668,627855.3333333334,397674.3333333334,0.0716778705922702,0.0462053120518212,12583.666666666668,6682.666666666666,3113.333333333333,1413.3333333333333,9470.333333333334,5269.333333333333
Querétaro,2021,606131.25,389004.75,39078.0,18522.0,645209.25,407526.75,0.060566397645415,0.0454497772232129,9059.5,5293.5,2412.5,1446.25,6647.0,3847.25
Querétaro,2022,615378.5,408856.5,28041.0,12785.0,643419.5,421641.5,0.0435812094597692,0.0303219678328627,10392.25,4648.25,2493.0,535.25,7899.25,4113.0
Querétaro,2023,649079.5,477281.75,22865.25,10730.0,671944.75,488011.75,0.0340284673702711,0.0219871755137043,14611.5,6356.75,3103.0,630.25,11508.5,5726.5
Querétaro,2024,667643.0,510151.0,19480.25,10220.75,687123.25,520371.75,0.0283504451348429,0.0196412468586159,12832.5,7759.75,4160.0,1590.25,8672.5,6169.5
Quintana Roo,2014,452833.75,263658.0,21713.0,16159.75,474546.75,279817.75,0.0457552390781308,0.0577509825591836,5590.5,1178.5,1586.5,250.5,4004.0,928.0
Quintana Roo,2015,470819.5,290602.0,19031.75,12809.5,489851.25,303411.5,0.0388521005101038,0.0422182415630257,6324.75,1371.25,1821.25,474.75,4503.5,896.5
Quintana Roo,2016,500723.5,310561.0,17233.0,10143.75,517956.5,320704.75,0.0332711337728168,0.031629559587128,7466.75,1462.5,2631.0,759.75,4835.75,702.75
Quintana Roo,2017,516156.5,315599.75,16036.75,11208.25,532193.25,326808.0,0.0301333209318231,0.0342961310616631,6972.75,2431.75,2754.75,442.0,4218.0,1989.75
Quintana Roo,2018,544021.75,334107.0,15862.0,8965.5,559883.75,343072.5,0.0283308811873893,0.0261329602343527,6670.0,2915.75,1754.75,863.25,4915.25,2052.5
Quintana Roo,2019,551916.25,346790.75,18161.75,10365.0,570078.0,357155.75,0.0318583597332294,0.0290209523436203,8037.25,3072.25,2435.0,865.0,5602.25,2207.25
Quintana Roo,2020,505795.3333333333,307965.0,37807.0,24437.33333333333,543602.3333333333,332402.3333333333,0.069549002426406,0.0735173339136207,6795.333333333334,2518.333333333333,2252.6666666666665,57.333333333333336,4542.666666666667,2461.0
Quintana Roo,2021,546726.75,325763.5,34556.25,19831.25,581283.0,345594.75,0.0594482377774681,0.0573829608233342,6224.75,3379.75,1427.75,85.25,4797.0,3294.5
Quintana Roo,2022,575025.25,361665.0,16742.5,9087.0,591767.75,370752.0,0.0282923494901504,0.0245096452615225,8222.0,3204.0,2844.75,496.75,5377.25,2707.25
Quintana Roo,2023,579727.0,386622.75,15252.25,10242.0,594979.25,396864.75,0.0256349276046181,0.0258072806919737,10618.0,3236.25,3829.5,915.75,6788.5,2320.5
Quintana Roo,2024,575520.0,392170.75,15008.0,10009.0,590528.0,402179.75,0.0254145442722445,0.0248868820471443,7521.0,2344.25,2282.0,714.25,5239.0,1630.0
San Luis Potosí,2014,683939.0,394541.25,21913.5,12895.0,705852.5,407436.25,0.0310454379633138,0.0316491230223133,3544.75,1499.0,1055.0,622.0,2489.75,877.0
San Luis Potosí,2015,695908.75,413432.5,20835.75,13464.75,716744.5,426897.25,0.0290699823995859,0.0315409621401871,4631.25,2920.25,1091.5,461.25,3539.75,2459.0
San Luis Potosí,2016,721003.0,435522.0,17734.75,11775.75,738737.75,447297.75,0.024006827862797,0.0263264235064898,7206.0,2596.5,1680.0,511.25,5526.0,2085.25
San Luis Potosí,2017,734489.0,436018.25,18660.25,9963.25,753149.25,445981.5,0.0247762976594612,0.022340052221897,6814.0,3359.0,1508.5,419.0,5305.5,2940.0
San Luis Potosí,2018,751052.5,435041.25,18968.25,11474.25,770020.75,446515.5,0.0246334270862181,0.0256973162185859,8319.0,3084.25,1998.25,774.5,6320.75,2309.75
San Luis Potosí,2019,750823.25,456717.5,20008.0,13035.75,770831.25,469753.25,0.0259563944767418,0.0277502071566295,5838.25,3621.0,1479.5,1142.75,4358.75,2478.25
San Luis Potosí,2020,745643.3333333334,452716.0,24264.33333333333,14076.333333333334,769907.6666666667,466792.3333333333,0.0315159003915188,0.0301554509964102,5382.666666666667,2676.6666666666665,1497.3333333333333,659.6666666666666,3885.3333333333335,2017.0
San Luis Potosí,2021,746097.25,496169.5,26225.0,17340.5,772322.25,513510.0,0.0339560332490744,0.0337685731533952,7153.25,3721.75,1514.5,342.75,5638.75,3379.0
San Luis Potosí,2022,764153.75,487063.0,23471.75,16321.25,787625.5,503384.25,0.02980064764282,0.0324230446224727,7113.25,2443.0,1167.5,456.5,5945.75,1986.5
San Luis Potosí,2023,768672.5,527601.75,23071.25,13648.75,791743.75,541250.5,0.0291397942831882,0.0252170667740722,9107.0,2306.25,2677.0,429.5,6430.0,1876.75
San Luis Potosí,2024,763187.75,537192.25,25530.0,13881.0,788717.75,551073.25,0.0323689938510956,0.0251890288632228,7360.5,2925.75,1720.0,160.75,5640.5,2765.0
Sinaloa,2014,743774.0,474133.5,37420.0,28818.5,781194.0,502952.0,0.0479010335460845,0.0572987084254561,6480.0,1724.0,2050.25,655.0,4429.75,1069.0
Sinaloa,2015,771653.25,489413.75,33389.5,23487.5,805042.75,512901.25,0.0414754371739885,0.045793415399163,11078.0,1809.5,3300.25,393.5,7777.75,1416.0
Sinaloa,2016,781690.75,504064.5,27214.75,22997.75,808905.5,527062.25,0.0336439176146039,0.0436338402152686,6826.0,1708.0,3048.25,404.75,3777.75,1303.25
Sinaloa,2017,786876.0,516295.25,29489.75,20084.0,816365.75,536379.25,0.0361232082556133,0.0374436557715459,5805.5,2090.25,1664.5,183.0,4141.0,1907.25
Sinaloa,2018,792225.25,529340.75,24543.75,18945.5,816769.0,548286.25,0.0300498060039007,0.034554030855233,7425.75,1574.25,2450.0,47.25,4975.75,1527.0
Sinaloa,2019,812090.0,532436.5,28017.25,17002.75,840107.25,549439.25,0.0333496110169267,0.0309456413971153,8289.0,2790.25,1601.25,798.0,6687.75,1992.25
Sinaloa,2020,777198.6666666666,491866.3333333333,31267.666666666668,14614.0,808466.3333333333,506480.3333333333,0.0386752860044883,0.0288540325027427,6836.666666666667,1730.3333333333333,1238.0,786.6666666666666,5598.666666666667,943.6666666666666
Sinaloa,2021,814013.5,510611.25,21482.0,14954.25,835495.5,525565.5,0.0257116884531394,0.0284536370823427,7004.0,3646.0,2600.25,717.75,4403.75,2928.25
Sinaloa,2022,836341.5,543001.0,23111.0,18536.0,859452.5,561537.0,0.0268903749770929,0.0330094009833724,9287.25,4451.75,1822.75,699.5,7464.5,3752.25
Sinaloa,2023,855568.25,596417.75,20040.0,15386.75,875608.25,611804.5,0.022886947444819,0.0251497823242555,8210.25,2519.75,2303.75,588.25,5906.5,1931.5
Sinaloa,2024,829435.75,616765.25,18470.5,15317.0,847906.25,632082.25,0.0217836582759001,0.0242326058040705,7018.0,2154.75,1893.25,683.75,5124.75,1471.0
Sonora,2014,741584.75,496064.25,38506.25,33901.75,780091.0,529966.0,0.0493612283695107,0.0639696697523992,9698.25,1575.0,3382.5,439.5,6315.75,1135.5
Sonora,2015,749600.5,505609.5,35614.25,29205.75,785214.75,534815.25,0.0453560634208667,0.0546090448991497,8356.25,1782.25,2204.5,683.75,6151.75,1098.5
Sonora,2016,766066.5,506078.75,33849.0,33250.0,799915.5,539328.75,0.0423157195978825,0.0616507093308116,10022.75,2928.25,3144.5,1032.5,6878.25,1895.75
Sonora,2017,780826.25,510601.25,27401.0,23059.5,808227.25,533660.75,0.0339025936084189,0.0432100355890891,9918.75,3475.25,4496.0,840.75,5422.75,2634.5
Sonora,2018,789105.0,529290.75,29507.0,21145.25,818612.0,550436.0,0.0360451593673193,0.0384154561111555,9698.25,2744.5,3322.0,457.25,6376.25,2287.25
Sonora,2019,806413.5,542701.25,37240.25,23181.5,843653.75,565882.75,0.0441416280079357,0.0409651999464553,10112.0,3042.25,2815.0,323.25,7297.0,2719.0
Sonora,2020,777525.3333333334,502260.6666666667,46197.333333333336,25112.33333333333,823722.6666666667,527373.0,0.0560836009530715,0.0476177834916336,6677.333333333333,2357.0,2377.0,250.3333333333333,4300.333333333333,2106.6666666666665
Sonora,2021,802315.75,556608.25,29862.5,24259.5,832178.25,580867.75,0.0358847398378893,0.0417642397946864,6938.25,2987.5,2175.25,625.25,4763.0,2362.25
Sonora,2022,823356.25,571932.0,24397.25,19814.5,847753.5,591746.5,0.028778707489854,0.0334847776877429,9381.25,3406.5,2160.5,332.75,7220.75,3073.75
Sonora,2023,847863.25,588069.5,21241.0,20137.5,869104.25,608207.0,0.0244401060056949,0.0331096156407275,8727.25,2941.5,2410.0,1226.0,6317.25,1715.5
Sonora,2024,813563.0,593756.25,26487.5,19743.0,840050.5,613499.25,0.0315308424910169,0.0321809684363917,8132.0,3844.5,1247.5,482.75,6884.5,3361.75
Tabasco,2014,585868.25,298800.5,39124.5,22024.25,624992.75,320824.75,0.0625999261591434,0.0686488495666247,3781.75,1142.75,822.5,252.25,2959.25,890.5
Tabasco,2015,565282.25,313326.0,43416.0,20147.25,608698.25,333473.25,0.0713259813051869,0.060416390220205,4583.5,1226.5,1418.75,363.25,3164.75,863.25
Tabasco,2016,579706.75,316398.25,46959.25,25189.0,626666.0,341587.25,0.0749350531223969,0.0737410427350552,3750.0,1184.0,795.5,246.0,2954.5,938.0
Tabasco,2017,585032.25,298300.25,43184.75,23255.5,628217.0,321555.75,0.0687417723493633,0.0723218291073942,5233.5,1735.75,1229.25,222.75,4004.25,1513.0
Tabasco,2018,582016.0,313234.5,45863.0,23893.0,627879.0,337127.5,0.0730443286047152,0.0708722960897583,5455.0,1557.0,701.25,150.25,4753.75,1406.75
Tabasco,2019,606178.75,338170.5,42406.25,29430.0,648585.0,367600.5,0.0653827177625137,0.0800597387653172,6402.75,1249.5,1082.75,198.25,5320.0,1051.25
Tabasco,2020,578069.6666666666,314416.0,40510.333333333336,24857.666666666668,618580.0,339273.6666666667,0.0654892387942276,0.0732673033863518,5266.333333333334,1066.3333333333333,993.6666666666666,64.66666666666667,4272.666666666667,1001.6666666666666
Tabasco,2021,601496.25,334978.0,35866.5,21998.5,637362.75,356976.5,0.0562732917792889,0.0616245046942866,6657.0,1595.0,683.25,163.25,5973.75,1431.75
Tabasco,2022,634664.75,361260.0,31917.5,20118.25,666582.25,381378.25,0.047882313097896,0.0527514350910152,5970.75,2059.0,1509.0,415.25,4461.75,1643.75
Tabasco,2023,667318.5,391954.5,25133.25,18172.75,692451.75,410127.25,0.0362960307342713,0.0443100281680868,7569.0,2980.0,2828.25,688.5,4740.75,2291.5
Tabasco,2024,687631.25,390238.0,26013.75,18915.5,713645.0,409153.5,0.0364519473968149,0.046230815574106,6213.25,1607.0,1897.75,132.25,4315.5,1474.75
Tamaulipas,2014,861017.75,551922.75,43959.5,35436.25,904977.25,587359.0,0.0485752542398165,0.0603315008367965,4764.25,1651.75,957.25,485.75,3807.0,1166.0
Tamaulipas,2015,861908.25,567909.75,39722.75,33001.5,901631.0,600911.25,0.0440565486324227,0.0549190916295875,6756.5,2398.25,1192.75,421.0,5563.75,1977.25
Tamaulipas,2016,885028.75,597079.5,38510.75,34382.75,923539.5,631462.25,0.0416990827138416,0.0544494148304193,8252.0,2101.0,1729.25,256.5,6522.75,1844.5
Tamaulipas,2017,907728.0,583945.25,36241.75,28741.0,943969.75,612686.25,0.0383929146034605,0.0469098172188457,5836.5,1130.0,1789.25,258.0,4047.25,872.0
Tamaulipas,2018,942016.0,599181.5,33469.5,28670.0,975485.5,627851.5,0.034310607384733,0.0456636640989151,8533.0,4177.0,3770.0,1457.5,4763.0,2719.5
Tamaulipas,2019,953600.5,623828.25,31630.5,25063.5,985231.0,648891.75,0.0321046536294533,0.0386250865417845,7269.5,3793.25,3308.25,1782.5,3961.25,2010.75
Tamaulipas,2020,915542.3333333334,607626.0,33482.666666666664,20413.0,949025.0,628039.0,0.0352811218531299,0.0325027585866482,4562.666666666667,2163.333333333333,1003.6666666666666,224.0,3559.0,1939.3333333333333
Tamaulipas,2021,948483.5,639240.75,36619.75,21112.25,985103.25,660353.0,0.0371735145529161,0.0319711578504224,8037.75,2100.0,1775.0,520.5,6262.75,1579.5
Tamaulipas,2022,968405.0,635310.75,33322.5,24657.5,1001727.5,659968.25,0.0332650346526375,0.0373616458064459,7545.5,4179.25,1369.25,818.5,6176.25,3360.75
Tamaulipas,2023,979395.5,659453.5,30404.0,22474.0,1009799.5,681927.5,0.0301089473702452,0.0329565826279186,7421.0,2613.25,1968.0,623.5,5453.0,1989.75
Tamaulipas,2024,957212.25,671467.5,30924.75,23230.0,988137.0,694697.5,0.0312960146214543,0.0334390148229985,8811.75,2065.75,3461.25,226.25,5350.5,1839.5
Tlaxcala,2014,302784.75,200062.5,15550.25,13184.25,318335.0,213246.75,0.0488486971272401,0.061826264644127,2592.0,853.25,497.0,92.0,2095.0,761.25
Tlaxcala,2015,315838.0,203933.0,14449.0,12188.5,330287.0,216121.5,0.0437468020236945,0.0563965176995347,3584.0,1033.0,593.75,47.25,2990.25,985.75
Tlaxcala,2016,323388.5,213724.75,12150.0,10920.75,335538.5,224645.5,0.0362104497695495,0.0486132595578366,3525.75,1413.25,381.0,133.5,3144.75,1279.75
Tlaxcala,2017,329710.25,217068.5,10841.75,10378.25,340552.0,227446.75,0.03183581362024,0.0456293615978245,3262.25,1196.25,235.75,183.5,3026.5,1012.75
Tlaxcala,2018,336854.25,222931.5,11652.0,9868.25,348506.25,232799.75,0.03343412062194,0.0423894355556653,3497.25,1224.25,595.5,31.5,2901.75,1192.75
Tlaxcala,2019,345419.25,239079.25,11579.0,11115.75,356998.25,250195.0,0.0324343326612945,0.0444283458902056,3065.5,1332.0,327.75,153.0,2737.75,1179.0
Tlaxcala,2020,336771.3333333333,225146.3333333333,16882.666666666668,14655.0,353654.0,239801.3333333333,0.0477378077631432,0.0611130880562243,3540.333333333333,1203.3333333333333,589.3333333333334,132.0,2951.0,1071.3333333333333
Tlaxcala,2021,342587.75,239046.75,17595.5,14328.5,360183.25,253375.25,0.0488515221071496,0.0565505115436491,4421.75,1678.0,672.25,236.75,3749.5,1441.25
Tlaxcala,2022,360278.5,250461.0,12360.0,11962.0,372638.5,262423.0,0.0331688754650955,0.0455828947919961,3778.0,2193.25,561.25,251.5,3216.75,1941.75
Tlaxcala,2023,376914.75,265855.25,11515.25,10666.25,388430.0,276521.5,0.0296456246942821,0.0385729500237775,4016.0,2106.25,634.25,93.5,3381.75,2012.75
Tlaxcala,2024,386039.25,279150.5,10966.25,9213.25,397005.5,288363.75,0.0276224132915035,0.0319500977498038,4376.5,1699.5,531.75,133.25,3844.75,1566.25
Veracruz de Ignacio de la Llave,2014,1973335.0,999390.25,73153.5,38315.0,2046488.5,1037705.25,0.0357458641961584,0.0369228159923061,15805.0,5584.25,2476.0,1617.5,13329.0,3966.75
Veracruz de Ignacio de la Llave,2015,1994173.25,1002008.75,82947.0,32632.25,2077120.25,1034641.0,0.0399336533356699,0.0315396838130327,20589.0,5732.25,3811.5,188.75,16777.5,5543.5
Veracruz de Ignacio de la Llave,2016,1965456.25,961626.5,80244.75,27455.75,2045701.0,989082.25,0.0392260403646476,0.0277588137892475,18496.25,4724.75,5156.5,312.75,13339.75,4412.0
Veracruz de Ignacio de la Llave,2017,2004566.5,999903.5,73197.0,36886.5,2077763.5,1036790.0,0.0352287447536738,0.0355776000925934,15216.5,3181.0,3966.0,360.0,11250.5,2821.0
Veracruz de Ignacio de la Llave,2018,2069849.25,1031142.25,63425.5,32773.0,2133274.75,1063915.25,0.0297315195804009,0.0308041453489833,23017.0,6854.75,3305.5,985.75,19711.5,5869.0
Veracruz de Ignacio de la Llave,2019,2035119.0,1133463.75,59697.5,36631.75,2094816.5,1170095.5,0.0284977228315702,0.0313066326637441,14133.75,7682.0,1831.0,967.5,12302.75,6714.5
Veracruz de Ignacio de la Llave,2020,2024409.6666666667,1179566.6666666667,61527.66666666666,35264.0,2085937.3333333333,1214830.6666666667,0.0294964118449068,0.0290279139040502,13650.333333333332,2260.333333333333,2548.6666666666665,346.3333333333333,11101.666666666666,1914.0
Veracruz de Ignacio de la Llave,2021,2077886.75,1166509.25,72543.5,41212.25,2150430.25,1207721.5,0.0337344119856944,0.0341239681499418,27201.75,6258.0,2881.75,597.5,24320.0,5660.5
Veracruz de Ignacio de la Llave,2022,2055832.5,1221187.25,50999.0,41117.5,2106831.5,1262304.75,0.0242064920711504,0.0325733544138212,24176.25,9168.25,3355.25,267.5,20821.0,8900.75
Veracruz de Ignacio de la Llave,2023,2118261.5,1298414.25,43716.0,29838.5,2161977.5,1328252.75,0.0202203769465685,0.0224644744759609,20197.0,11662.5,2381.0,484.0,17816.0,11178.5
Veracruz de Ignacio de la Llave,2024,2123179.75,1329550.75,50987.5,23134.5,2174167.25,1352685.25,0.0234515076979473,0.0171026482324694,21342.25,7515.75,2822.25,493.5,18520.0,7022.25
Yucatán,2014,587326.0,372208.5,13940.25,12423.25,601266.25,384631.75,0.0231848203686802,0.03229907567433,5667.5,1619.5,1847.75,639.25,3819.75,980.25
Yucatán,2015,603918.75,380326.5,14947.0,11462.5,618865.75,391789.0,0.0241522494983766,0.0292568193594,4651.5,1590.5,1134.25,455.75,3517.25,1134.75
Yucatán,2016,616104.75,403593.75,11149.5,9560.75,627254.25,413154.5,0.0177750888096812,0.0231408589280765,7380.75,1026.5,1863.5,48.5,5517.25,978.0
Yucatán,2017,623105.25,418979.75,11974.5,9941.0,635079.75,428920.75,0.0188551122910154,0.0231767756631032,7194.0,2097.5,2409.0,190.5,4785.0,1907.0
Yucatán,2018,646742.25,430850.5,10828.25,8822.25,657570.5,439672.75,0.0164670556236935,0.0200654918914124,6388.75,1836.0,2112.5,520.75,4276.25,1315.25
Yucatán,2019,671098.5,441296.5,10408.5,11080.75,681507.0,452377.25,0.0152727704924527,0.0244944899417466,7065.75,1985.75,2008.0,639.75,5057.75,1346.0
Yucatán,2020,685543.3333333334,425189.3333333333,18685.0,12500.333333333334,704228.3333333334,437689.6666666666,0.0265325876787121,0.0285598091189419,6088.666666666666,1944.3333333333333,1229.3333333333333,199.66666666666663,4859.333333333333,1744.6666666666667
Yucatán,2021,686569.0,464463.0,15417.5,13845.5,701986.5,478308.5,0.0219626730713482,0.0289467989801561,7364.75,3618.75,1940.75,406.25,5424.0,3212.5
Yucatán,2022,704591.75,493121.0,11876.5,12202.5,716468.25,505323.5,0.0165764498287258,0.0241478973370524,8332.0,4083.0,2067.75,1048.25,6264.25,3034.75
Yucatán,2023,697822.25,501411.25,10810.25,11766.0,708632.5,513177.25,0.0152550863811637,0.0229277505968941,7514.5,3552.25,2135.0,1203.0,5379.5,2349.25
Yucatán,2024,702911.25,507544.25,10868.75,10773.5,713780.0,518317.75,0.0152270307377623,0.0207855123618668,7988.25,3531.5,2811.5,835.75,5176.75,2695.75
Zacatecas,2014,382447.75,203248.5,19030.75,10302.75,401478.5,213551.25,0.0474016665898672,0.0482448592550968,2453.25,829.75,829.0,226.25,1624.25,603.5
Zacatecas,2015,390444.25,210778.25,14585.75,7881.0,405030.0,218659.25,0.0360115300101227,0.0360423810106364,2568.0,633.25,736.5,107.0,1831.5,526.25
Zacatecas,2016,398428.5,218856.75,10878.0,7277.0,409306.5,226133.75,0.0265766607664427,0.0321800704229244,3497.25,824.5,1374.75,291.5,2122.5,533.0
Zacatecas,2017,407677.0,225542.0,10790.5,7373.5,418467.5,232915.5,0.0257857539713358,0.0316574036506801,2469.75,760.75,450.25,147.0,2019.5,613.75
Zacatecas,2018,410881.75,223512.75,11233.25,7945.25,422115.0,231458.0,0.0266118237920945,0.0343269621270381,3196.75,989.25,1008.5,111.5,2188.25,877.75
Zacatecas,2019,414199.75,240100.0,12233.75,8420.25,426433.5,248520.25,0.0286885293955564,0.0338815448640503,2744.5,839.75,847.25,182.25,1897.25,657.5
Zacatecas,2020,416856.6666666667,244311.0,13733.333333333334,12393.333333333334,430590.0,256704.3333333333,0.0318942226557359,0.0482786292401245,2507.333333333333,1143.6666666666667,767.6666666666666,153.66666666666666,1739.6666666666667,990.0
Zacatecas,2021,416610.75,255988.0,13285.5,11091.5,429896.25,267079.5,0.0309039681085843,0.0415288331751407,2727.0,1790.5,585.25,480.75,2141.75,1309.75
Zacatecas,2022,417485.75,255598.75,10990.5,8389.0,428476.25,263987.75,0.0256501964811351,0.0317779896983856,3499.5,800.75,1126.75,105.5,2372.75,695.25
Zacatecas,2023,411837.5,257670.0,11668.5,8075.75,423506.0,265745.75,0.0275521480215156,0.0303890090434183,3549.25,1213.5,893.0,106.0,2656.25,1107.5
Zacatecas,2024,418078.25,255551.75,9466.0,9284.0,427544.25,264835.75,0.022140398333038,0.03505569017778,2642.0,1147.25,792.75,218.0,1849.25,929.25
