State,Year,Sex,LaborForce,UnemploymentRate,Employed,Unemployed,SelfEmployedPSTS
Aguascalientes,2014,Male,333439.5,6.3,312530.0,20909.5,3455.5
Aguascalientes,2014,Female,201437.25,5.5,190303.5,11133.75,765.5
Aguascalientes,2015,Male,340442.0,4.9,323843.5,16598.5,3410.0
Aguascalientes,2015,Female,203804.0,3.9,195889.5,7914.5,1191.25
Aguascalientes,2016,Male,346658.5,4.1,332386.25,14272.25,4197.5
Aguascalientes,2016,Female,221482.25,3.7,213184.5,8297.75,960.25
Aguascalientes,2017,Male,351474.0,3.9,337796.75,13677.25,2690.5
Aguascalientes,2017,Female,220556.0,3.2,213449.5,7106.5,782.25
Aguascalientes,2018,Male,362280.0,3.5,349446.5,12833.5,4300.75
Aguascalientes,2018,Female,227733.0,3.3,220222.75,7510.25,962.25
Aguascalientes,2019,Male,374000.0,3.8,359852.0,14148.0,5076.75
Aguascalientes,2019,Female,238238.0,3.1,230826.0,7412.0,1574.25
Aguascalientes,2020,Male,378766.6666666667,5.0,360011.3333333333,18755.333333333332,6158.0
Aguascalientes,2020,Female,242209.33333333334,4.0,232592.66666666666,9616.666666666666,1648.0
Aguascalientes,2021,Male,386149.0,4.5,368785.25,17363.75,4517.5
Aguascalientes,2021,Female,253817.25,3.6,244729.75,9087.5,1777.25
Aguascalientes,2022,Male,391988.0,3.8,376938.0,15050.0,5382.25
Aguascalientes,2022,Female,264772.0,3.7,255026.25,9745.75,2130.5
Aguascalientes,2023,Male,390988.75,3.6,376793.0,14195.75,4485.75
Aguascalientes,2023,Female,277926.25,2.7,270553.25,7373.0,2289.0
Aguascalientes,2024,Male,399720.0,3.5,385925.0,13795.0,4345.75
Aguascalientes,2024,Female,282389.0,2.9,274231.25,8157.75,2367.25
Baja California,2014,Male,958976.75,6.1,900733.75,58243.0,12639.0
Baja California,2014,Female,612779.75,5.1,581668.25,31111.5,4771.75
Baja California,2015,Male,987072.5,4.4,943149.5,43923.0,12957.5
Baja California,2015,Female,609342.25,3.7,586755.25,22587.0,5486.75
Baja California,2016,Male,1005620.25,2.7,978388.0,27232.25,11963.5
Baja California,2016,Female,639580.25,2.7,622605.25,16975.0,5589.5
Baja California,2017,Male,1036607.75,3.0,1005626.5,30981.25,10914.25
Baja California,2017,Female,676799.5,2.6,658912.25,17887.25,4710.25
Baja California,2018,Male,1069354.25,2.5,1042289.0,27065.25,13264.0
Baja California,2018,Female,700987.75,2.5,683526.5,17461.25,5243.0
Baja California,2019,Male,1078995.5,2.7,1049638.75,29356.75,13376.25
Baja California,2019,Female,714973.0,2.3,698628.0,16345.0,5308.5
Baja California,2020,Male,1047546.0,2.9,1016956.0,30590.0,14171.0
Baja California,2020,Female,672818.0,2.1,658768.6666666666,14049.333333333334,7106.0
Baja California,2021,Male,1091119.25,2.5,1063935.0,27184.25,18012.25
Baja California,2021,Female,704329.75,2.5,686996.5,17333.25,7839.0
Baja California,2022,Male,1100254.0,2.7,1070130.25,30123.75,15194.75
Baja California,2022,Female,733701.0,2.0,719232.25,14468.75,7094.75
Baja California,2023,Male,1100497.0,2.3,1075719.0,24778.0,14617.0
Baja California,2023,Female,745588.5,2.1,730160.75,15427.75,6972.0
Baja California,2024,Male,1089898.75,2.7,1060654.75,29244.0,11729.25
Baja California,2024,Female,735502.75,2.3,718885.25,16617.5,7220.5
Baja California Sur,2014,Male,205623.5,5.3,194643.25,10980.25,2294.5
Baja California Sur,2014,Female,133322.25,6.7,124340.25,8982.0,772.25
Baja California Sur,2015,Male,211024.5,4.4,201761.0,9263.5,2516.75
Baja California Sur,2015,Female,135417.25,5.4,128101.25,7316.0,1363.25
Baja California Sur,2016,Male,215474.25,4.3,206199.5,9274.75,1905.0
Baja California Sur,2016,Female,136986.0,5.1,130022.0,6964.0,909.75
Baja California Sur,2017,Male,221260.0,3.7,213174.5,8085.5,2497.25
Baja California Sur,2017,Female,141966.25,5.5,134227.0,7739.25,718.25
Baja California Sur,2018,Male,224648.5,3.4,216956.5,7692.0,2680.5
Baja California Sur,2018,Female,154488.0,4.3,147833.0,6655.0,1049.25
Baja California Sur,2019,Male,241222.0,4.0,231616.25,9605.75,2240.5
Baja California Sur,2019,Female,167649.25,5.2,158939.5,8709.75,1047.75
Baja California Sur,2020,Male,234818.66666666666,5.2,222678.33333333334,12140.333333333334,2296.3333333333335
Baja California Sur,2020,Female,155968.33333333334,5.9,146708.66666666666,9259.666666666666,777.3333333333334
Baja California Sur,2021,Male,248335.75,3.6,239400.75,8935.0,3059.0
Baja California Sur,2021,Female,172490.25,4.7,164403.75,8086.5,1932.25
Baja California Sur,2022,Male,258100.75,2.5,251529.0,6571.75,3611.25
Baja California Sur,2022,Female,181863.75,3.2,175978.5,5885.25,2736.75
Baja California Sur,2023,Male,277922.0,2.5,270980.75,6941.25,3330.75
Baja California Sur,2023,Female,187519.5,3.1,181762.0,5757.5,1864.25
Baja California Sur,2024,Male,276302.75,2.0,270794.5,5508.25,2900.0
Baja California Sur,2024,Female,192024.75,2.7,186932.5,5092.25,2037.0
Campeche,2014,Male,242803.25,2.8,236120.5,6682.75,1422.0
Campeche,2014,Female,134474.25,2.9,130538.0,3936.25,479.5
Campeche,2015,Male,244924.75,2.9,237919.25,7005.5,1818.75
Campeche,2015,Female,135685.75,2.9,131710.75,3975.0,321.25
Campeche,2016,Male,247400.5,3.5,238700.0,8700.5,1503.5
Campeche,2016,Female,134459.0,4.0,129017.0,5442.0,470.25
Campeche,2017,Male,240695.5,3.8,231442.5,9253.0,1922.75
Campeche,2017,Female,142542.0,3.7,137218.5,5323.5,627.75
Campeche,2018,Male,245385.75,3.2,237585.75,7800.0,1813.5
Campeche,2018,Female,146216.0,3.4,141199.5,5016.5,597.25
Campeche,2019,Male,257218.0,2.9,249755.25,7462.75,2055.25
Campeche,2019,Female,157400.25,3.9,151208.75,6191.5,574.75
Campeche,2020,Male,259619.66666666666,3.4,250817.33333333334,8802.333333333334,1931.0
Campeche,2020,Female,151156.33333333334,3.2,146333.0,4823.333333333333,449.33333333333337
Campeche,2021,Male,272431.0,2.7,265002.25,7428.75,2291.0
Campeche,2021,Female,164402.0,3.3,158909.0,5493.0,403.75
Campeche,2022,Male,272162.0,2.3,265991.25,6170.75,2376.0
Campeche,2022,Female,167806.5,3.1,162651.75,5154.75,634.0
Campeche,2023,Male,273482.0,1.6,269077.0,4405.0,2409.25
Campeche,2023,Female,169597.75,2.0,166187.75,3410.0,417.5
Campeche,2024,Male,273743.0,1.7,269130.0,4613.0,2170.25
Campeche,2024,Female,174547.0,2.1,170862.25,3684.75,569.75
Chiapas,2014,Male,1312530.75,3.0,1272740.5,39790.25,7608.5
Chiapas,2014,Female,524763.0,3.4,506770.5,17992.5,1147.5
Chiapas,2015,Male,1349453.25,3.0,1308902.0,40551.25,8149.5
Chiapas,2015,Female,551070.75,3.3,532788.25,18282.5,2369.25
Chiapas,2016,Male,1367068.75,3.0,1326229.5,40839.25,6504.25
Chiapas,2016,Female,569685.0,3.2,551180.75,18504.25,2069.0
Chiapas,2017,Male,1361605.25,2.3,1330016.0,31589.25,9659.25
Chiapas,2017,Female,526788.25,3.2,509717.0,17071.25,1937.0
Chiapas,2018,Male,1393195.25,2.4,1359904.25,33291.0,8387.0
Chiapas,2018,Female,522110.5,3.8,502108.5,20002.0,1829.25
Chiapas,2019,Male,1436428.75,2.6,1398796.0,37632.75,7997.75
Chiapas,2019,Female,634901.5,4.6,605971.25,28930.25,2708.5
Chiapas,2020,Male,1452583.0,2.6,1414997.6666666667,37585.333333333336,9644.0
Chiapas,2020,Female,614972.0,3.6,592692.3333333334,22279.666666666668,2496.3333333333335
Chiapas,2021,Male,1513016.25,2.7,1471557.75,41458.5,9760.0
Chiapas,2021,Female,686336.5,4.1,658020.75,28315.75,1494.25
Chiapas,2022,Male,1493194.0,1.9,1464278.75,28915.25,12530.5
Chiapas,2022,Female,706200.75,3.5,681779.0,24421.75,2269.75
Chiapas,2023,Male,1487795.75,1.8,1460345.5,27450.25,11613.25
Chiapas,2023,Female,724859.75,2.7,705080.5,19779.25,3013.0
Chiapas,2024,Male,1545235.0,1.8,1517601.25,27633.75,11364.75
Chiapas,2024,Female,707432.0,2.5,689914.25,17517.75,3784.5
Chihuahua,2014,Male,963654.75,4.1,924371.25,39283.5,9026.0
Chihuahua,2014,Female,533994.5,4.5,509787.0,24207.5,1336.0
Chihuahua,2015,Male,995862.0,3.8,957926.75,37935.25,5472.5
Chihuahua,2015,Female,541177.5,3.6,521820.5,19357.0,2849.5
Chihuahua,2016,Male,993997.25,3.2,961944.75,32052.5,7591.0
Chihuahua,2016,Female,584797.75,3.0,567053.0,17744.75,3394.75
Chihuahua,2017,Male,981659.75,2.7,955011.5,26648.25,6937.75
Chihuahua,2017,Female,608859.25,2.7,592566.75,16292.5,1781.25
Chihuahua,2018,Male,1005423.75,3.0,975645.25,29778.5,7299.75
Chihuahua,2018,Female,673280.5,3.4,650325.75,22954.75,3140.5
Chihuahua,2019,Male,1031253.25,2.9,1000918.25,30335.0,8041.75
Chihuahua,2019,Female,661364.5,3.2,640158.5,21206.0,3480.5
Chihuahua,2020,Male,1045570.0,3.8,1006224.6666666666,39345.333333333336,8285.666666666666
Chihuahua,2020,Female,676777.0,4.3,647633.3333333334,29143.666666666668,2285.0
Chihuahua,2021,Male,1069712.0,3.4,1032866.0,36846.0,9713.25
Chihuahua,2021,Female,671273.0,3.2,649614.25,21658.75,3132.0
Chihuahua,2022,Male,1106619.5,2.2,1082697.0,23922.5,9354.5
Chihuahua,2022,Female,697093.25,2.7,678217.75,18875.5,3505.0
Chihuahua,2023,Male,1116946.25,2.5,1088791.5,28154.75,8726.0
Chihuahua,2023,Female,725216.75,2.5,707321.75,17895.0,4601.75
Chihuahua,2024,Male,1089928.0,2.1,1066753.0,23175.0,8905.25
Chihuahua,2024,Female,758695.25,2.7,737885.75,20809.5,4411.0
Ciudad de México,2014,Male,2441849.5,6.9,2274566.5,167283.0,61850.5
Ciudad de México,2014,Female,1956857.75,6.2,1834730.5,122127.25,20257.0
Ciudad de México,2015,Male,2516038.5,5.2,2385884.0,130154.5,61722.75
Ciudad de México,2015,Female,1970800.0,5.5,1861433.25,109366.75,22051.75
Ciudad de México,2016,Male,2568388.0,5.2,2434488.75,133899.25,64368.0
Ciudad de México,2016,Female,1945914.75,4.8,1852542.5,93372.25,30067.25
Ciudad de México,2017,Male,2499426.0,4.4,2388420.0,111006.0,60159.0
Ciudad de México,2017,Female,2009224.25,4.8,1912518.0,96706.25,23610.0
Ciudad de México,2018,Male,2584386.0,4.8,2461214.25,123171.75,73316.5
Ciudad de México,2018,Female,2067264.25,4.5,1975242.5,92021.75,31835.75
Ciudad de México,2019,Male,2670930.75,5.1,2533623.25,137307.5,87216.75
Ciudad de México,2019,Female,2060888.75,4.8,1961710.5,99178.25,28744.75
Ciudad de México,2020,Male,2385000.6666666665,7.1,2216031.3333333335,168969.33333333334,50837.666666666664
Ciudad de México,2020,Female,1861761.6666666667,5.4,1760982.6666666667,100779.0,29574.666666666668
Ciudad de México,2021,Male,2526673.75,6.7,2357508.0,169165.75,65130.25
Ciudad de México,2021,Female,1994332.75,7.0,1854203.5,140129.25,32657.5
Ciudad de México,2022,Male,2668885.0,5.4,2524963.0,143922.0,93550.25
Ciudad de México,2022,Female,2123839.75,5.1,2016232.75,107607.0,30810.0
Ciudad de México,2023,Male,2693721.25,3.9,2588215.75,105505.5,84891.5
Ciudad de México,2023,Female,2196275.75,4.2,2104934.25,91341.5,31075.0
Ciudad de México,2024,Male,2685558.0,3.9,2581959.5,103598.5,73207.5
Ciudad de México,2024,Female,2380122.25,4.1,2281537.25,98585.0,37320.25
Coahuila de Zaragoza,2014,Male,804734.5,5.2,762535.25,42199.25,5900.5
Coahuila de Zaragoza,2014,Female,484330.25,5.6,457074.75,27255.5,1237.25
Coahuila de Zaragoza,2015,Male,807755.75,4.6,770787.25,36968.5,7130.25
Coahuila de Zaragoza,2015,Female,487509.0,6.0,458409.0,29100.0,1567.0
Coahuila de Zaragoza,2016,Male,834646.25,4.0,801138.5,33507.75,6152.0
Coahuila de Zaragoza,2016,Female,489081.5,5.2,463741.5,25340.0,2593.0
Coahuila de Zaragoza,2017,Male,848867.25,4.0,814990.5,33876.75,7666.0
Coahuila de Zaragoza,2017,Female,493122.25,5.1,468061.25,25061.0,2113.0
Coahuila de Zaragoza,2018,Male,855974.0,4.1,820878.5,35095.5,7531.25
Coahuila de Zaragoza,2018,Female,514020.0,4.2,492396.5,21623.5,1937.5
Coahuila de Zaragoza,2019,Male,864776.5,4.5,825861.0,38915.5,6746.25
Coahuila de Zaragoza,2019,Female,535154.75,4.6,510271.5,24883.25,2002.25
Coahuila de Zaragoza,2020,Male,880241.6666666666,6.8,820455.6666666666,59786.0,9282.666666666666
Coahuila de Zaragoza,2020,Female,523664.3333333333,4.9,497857.3333333333,25807.0,1790.0
Coahuila de Zaragoza,2021,Male,908587.25,5.1,862075.0,46512.25,8483.5
Coahuila de Zaragoza,2021,Female,558670.0,4.6,532978.5,25691.5,2930.0
Coahuila de Zaragoza,2022,Male,927867.0,4.1,889476.75,38390.25,7782.25
Coahuila de Zaragoza,2022,Female,587100.25,4.2,562321.25,24779.0,3311.75
Coahuila de Zaragoza,2023,Male,938171.0,4.0,900931.0,37240.0,9474.0
Coahuila de Zaragoza,2023,Female,609246.25,3.8,586277.0,22969.25,3679.5
Coahuila de Zaragoza,2024,Male,951023.0,3.8,914896.5,36126.5,8708.25
Coahuila de Zaragoza,2024,Female,618038.25,4.0,593291.5,24746.75,3617.0
Colima,2014,Male,194829.25,4.7,185652.25,9177.0,1666.25
Colima,2014,Female,142472.5,4.8,135647.25,6825.25,452.5
Colima,2015,Male,196667.25,4.5,187879.5,8787.75,1817.5
Colima,2015,Female,143681.75,5.0,136550.75,7131.0,301.75
Colima,2016,Male,202112.25,4.0,194034.75,8077.5,2024.75
Colima,2016,Female,144093.75,4.2,138034.0,6059.75,481.5
Colima,2017,Male,203304.5,3.5,196176.75,7127.75,2359.25
Colima,2017,Female,148810.0,3.8,143176.25,5633.75,584.25
Colima,2018,Male,211883.25,3.1,205211.75,6671.5,2264.0
Colima,2018,Female,154114.5,3.4,148873.0,5241.5,603.75
Colima,2019,Male,210094.25,3.2,203360.25,6734.0,2076.5
Colima,2019,Female,160404.25,4.1,153875.75,6528.5,692.0
Colima,2020,Male,211360.66666666666,3.6,203730.0,7630.666666666667,2182.6666666666665
Colima,2020,Female,143656.0,3.8,138223.66666666666,5432.333333333333,606.6666666666667
Colima,2021,Male,220037.5,2.8,213853.25,6184.25,2417.5
Colima,2021,Female,165712.0,3.5,159905.25,5806.75,948.5
Colima,2022,Male,226797.5,2.3,221667.0,5130.5,2788.5
Colima,2022,Female,164386.25,3.0,159439.75,4946.5,1008.5
Colima,2023,Male,220079.75,2.3,215085.5,4994.25,1894.5
Colima,2023,Female,165089.5,2.3,161219.25,3870.25,885.5
Colima,2024,Male,209701.5,2.2,204988.5,4713.0,2113.25
Colima,2024,Female,168593.25,2.1,164992.25,3601.0,514.0
Durango,2014,Male,451594.0,5.3,427839.0,23755.0,2925.5
Durango,2014,Female,259511.0,6.9,241728.0,17783.0,522.25
Durango,2015,Male,466892.5,4.8,444640.0,22252.5,3306.75
Durango,2015,Female,279155.25,5.1,264927.25,14228.0,733.0
Durango,2016,Male,476146.0,4.2,456092.0,20054.0,2642.25
Durango,2016,Female,288551.5,5.0,274249.5,14302.0,1242.75
Durango,2017,Male,471391.25,3.4,455168.75,16222.5,4133.0
Durango,2017,Female,287431.5,4.4,274699.0,12732.5,1058.75
Durango,2018,Male,483777.5,4.0,464483.75,19293.75,3152.0
Durango,2018,Female,298580.0,4.8,284317.25,14262.75,986.25
Durango,2019,Male,493096.75,3.9,473835.5,19261.25,3442.75
Durango,2019,Female,307725.75,4.2,294774.5,12951.25,1001.5
Durango,2020,Male,502513.3333333333,4.6,479146.6666666667,23366.666666666668,3386.333333333333
Durango,2020,Female,298746.0,4.5,285398.0,13348.0,1588.3333333333333
Durango,2021,Male,508153.0,4.1,487401.0,20752.0,3471.75
Durango,2021,Female,323120.5,4.1,309812.75,13307.75,1714.75
Durango,2022,Male,507065.0,3.0,491722.25,15342.75,3771.0
Durango,2022,Female,327224.5,3.7,315074.5,12150.0,1848.5
Durango,2023,Male,507744.5,2.7,493987.5,13757.0,3682.5
Durango,2023,Female,336379.5,3.3,325288.75,11090.75,1912.25
Durango,2024,Male,504029.75,3.0,488885.0,15144.75,4037.0
Durango,2024,Female,358251.5,3.1,347050.75,11200.75,1491.25
Guanajuato,2014,Male,1509127.5,4.8,1436422.25,72705.25,10248.5
Guanajuato,2014,Female,976169.75,4.9,928502.25,47667.5,3828.25
Guanajuato,2015,Male,1528801.75,4.8,1455000.0,73801.75,11445.0
Guanajuato,2015,Female,989199.5,4.6,943639.75,45559.75,5037.5
Guanajuato,2016,Male,1556759.75,4.0,1495130.75,61629.0,16942.0
Guanajuato,2016,Female,1034970.5,4.0,993065.5,41905.0,7374.75
Guanajuato,2017,Male,1613633.25,3.8,1552617.0,61016.25,12450.0
Guanajuato,2017,Female,991575.5,3.2,959479.5,32096.0,5348.25
Guanajuato,2018,Male,1670759.0,3.8,1607794.0,62965.0,12668.5
Guanajuato,2018,Female,1021278.5,3.3,987406.0,33872.5,5315.25
Guanajuato,2019,Male,1628213.0,3.8,1566219.0,61994.0,13882.5
Guanajuato,2019,Female,1088986.0,3.6,1050162.25,38823.75,3804.25
Guanajuato,2020,Male,1621190.0,5.7,1528170.6666666667,93019.33333333333,14228.333333333334
Guanajuato,2020,Female,1070954.6666666667,4.3,1024691.0,46263.666666666664,4452.333333333333
Guanajuato,2021,Male,1679296.5,5.7,1584403.75,94892.75,21323.75
Guanajuato,2021,Female,1099275.0,4.5,1049546.25,49728.75,6584.5
Guanajuato,2022,Male,1700694.5,3.6,1639971.75,60722.75,20078.0
Guanajuato,2022,Female,1130844.75,3.2,1094914.25,35930.5,7178.25
Guanajuato,2023,Male,1733442.75,3.1,1678875.5,54567.25,15664.0
Guanajuato,2023,Female,1163302.75,3.1,1127101.25,36201.5,4861.5
Guanajuato,2024,Male,1687998.0,3.0,1637565.0,50433.0,19805.5
Guanajuato,2024,Female,1216082.0,2.8,1181529.0,34553.0,8238.25
Guerrero,2014,Male,863018.0,1.8,847607.25,15410.75,6069.75
Guerrero,2014,Female,523782.25,2.3,511901.25,11881.0,1139.75
Guerrero,2015,Male,847538.75,2.0,831010.75,16528.0,4799.5
Guerrero,2015,Female,526718.5,2.3,514450.0,12268.5,736.75
Guerrero,2016,Male,866154.75,2.1,847602.75,18552.0,7333.0
Guerrero,2016,Female,542516.0,1.8,532655.0,9861.0,1317.0
Guerrero,2017,Male,866964.25,1.6,852711.25,14253.0,4372.0
Guerrero,2017,Female,546990.5,1.6,537988.75,9001.75,1887.5
Guerrero,2018,Male,871895.0,1.1,862191.0,9704.0,7277.25
Guerrero,2018,Female,551615.0,1.4,543990.0,7625.0,2188.5
Guerrero,2019,Male,892150.75,1.6,878176.5,13974.25,8189.25
Guerrero,2019,Female,593529.75,1.4,584967.5,8562.25,1832.25
Guerrero,2020,Male,924709.6666666666,2.3,903574.3333333334,21135.333333333332,6145.0
Guerrero,2020,Female,578567.3333333334,2.6,563378.3333333334,15189.0,512.3333333333333
Guerrero,2021,Male,908505.0,1.7,892642.25,15862.75,5120.75
Guerrero,2021,Female,586656.75,1.2,579336.25,7320.5,2246.75
Guerrero,2022,Male,901505.75,1.5,888020.25,13485.5,6529.25
Guerrero,2022,Female,611403.5,1.2,603801.75,7601.75,993.25
Guerrero,2023,Male,930885.25,1.1,920350.5,10534.75,5988.75
Guerrero,2023,Female,699319.75,1.2,690939.0,8380.75,1117.5
Guerrero,2024,Male,914577.5,1.1,904361.5,10216.0,6753.0
Guerrero,2024,Female,682013.25,1.3,672993.5,9019.75,1974.75
Hidalgo,2014,Male,749330.5,4.1,718674.75,30655.75,6239.0
Hidalgo,2014,Female,453813.5,4.5,433191.0,20622.5,2457.75
Hidalgo,2015,Male,767358.0,3.5,740710.25,26647.75,7525.5
Hidalgo,2015,Female,494455.0,4.4,472889.25,21565.75,2731.25
Hidalgo,2016,Male,753345.0,3.1,730307.25,23037.75,3908.0
Hidalgo,2016,Female,477631.0,3.3,462006.25,15624.75,3995.0
Hidalgo,2017,Male,763295.75,2.7,742728.25,20567.5,6909.0
Hidalgo,2017,Female,458902.75,3.2,444183.75,14719.0,2002.5
Hidalgo,2018,Male,798976.75,2.2,781299.75,17677.0,9787.0
Hidalgo,2018,Female,504734.25,3.0,489767.25,14967.0,2919.25
Hidalgo,2019,Male,800998.5,2.2,783080.25,17918.25,6655.0
Hidalgo,2019,Female,547132.25,2.7,532250.25,14882.0,2971.5
Hidalgo,2020,Male,792975.0,2.5,773496.0,19479.0,4994.0
Hidalgo,2020,Female,500129.3333333333,2.4,487907.6666666667,12221.666666666666,2101.0
Hidalgo,2021,Male,807562.25,3.4,780053.75,27508.5,5142.5
Hidalgo,2021,Female,539816.0,2.2,527672.75,12143.25,2325.25
Hidalgo,2022,Male,826708.0,2.6,805544.75,21163.25,6499.5
Hidalgo,2022,Female,609743.75,2.1,597240.25,12503.5,2687.75
Hidalgo,2023,Male,867835.25,2.6,845523.5,22311.75,10546.0
Hidalgo,2023,Female,636519.0,2.2,622345.75,14173.25,4801.25
Hidalgo,2024,Male,861998.75,2.0,844864.25,17134.5,10377.0
Hidalgo,2024,Female,620833.25,2.2,607107.0,13726.25,3702.75
Jalisco,2014,Male,2093228.75,5.4,1981217.25,112011.5,32025.0
Jalisco,2014,Female,1350317.5,4.9,1284550.0,65767.5,8369.5
Jalisco,2015,Male,2153550.5,4.6,2055264.5,98286.0,33996.25
Jalisco,2015,Female,1389971.0,4.9,1322434.0,67537.0,13319.25
Jalisco,2016,Male,2217324.0,3.7,2134833.5,82490.5,31320.75
Jalisco,2016,Female,1404423.25,3.5,1354969.75,49453.5,10189.5
Jalisco,2017,Male,2248734.0,2.8,2184860.25,63873.75,39312.5
Jalisco,2017,Female,1458077.75,2.8,1417347.5,40730.25,9793.0
Jalisco,2018,Male,2279302.75,2.9,2213902.25,65400.5,35269.25
Jalisco,2018,Female,1462535.25,2.5,1426357.5,36177.75,9929.75
Jalisco,2019,Male,2354650.0,3.1,2282143.75,72506.25,36176.0
Jalisco,2019,Female,1523116.25,2.7,1481254.0,41862.25,11909.0
Jalisco,2020,Male,2322455.0,4.2,2225923.3333333335,96531.66666666667,32746.333333333332
Jalisco,2020,Female,1498279.6666666667,3.7,1442543.0,55736.666666666664,12662.0
Jalisco,2021,Male,2408399.5,3.3,2328349.5,80050.0,43939.75
Jalisco,2021,Female,1553270.25,3.5,1499231.75,54038.5,18714.5
Jalisco,2022,Male,2473726.5,2.6,2409562.25,64164.25,41482.5
Jalisco,2022,Female,1629443.0,2.3,1592182.5,37260.5,14837.0
Jalisco,2023,Male,2418421.75,2.7,2353257.25,65164.5,43078.25
Jalisco,2023,Female,1730464.25,2.1,1694317.75,36146.5,16675.25
Jalisco,2024,Male,2416164.25,2.2,2361975.0,54189.25,38839.25
Jalisco,2024,Female,1621147.0,1.9,1590882.5,30264.5,17700.5
Michoacán de Ocampo,2014,Male,1170643.0,3.4,1130536.5,40106.5,7717.25
Michoacán de Ocampo,2014,Female,687846.25,3.7,662589.5,25256.75,3293.0
Michoacán de Ocampo,2015,Male,1201554.25,3.1,1163842.75,37711.5,8798.25
Michoacán de Ocampo,2015,Female,708901.0,3.2,686018.0,22883.0,3216.25
Michoacán de Ocampo,2016,Male,1220481.25,2.8,1186281.0,34200.25,8614.5
Michoacán de Ocampo,2016,Female,726031.5,2.7,706486.25,19545.25,2883.25
Michoacán de Ocampo,2017,Male,1214891.0,2.4,1185353.5,29537.5,11575.25
Michoacán de Ocampo,2017,Female,709912.0,2.9,689281.25,20630.75,3487.75
Michoacán de Ocampo,2018,Male,1251979.0,2.0,1226476.75,25502.25,11408.0
Michoacán de Ocampo,2018,Female,744827.5,2.5,726054.5,18773.0,4475.0
Michoacán de Ocampo,2019,Male,1305160.0,2.7,1269373.75,35786.25,11228.25
Michoacán de Ocampo,2019,Female,791999.25,2.7,770677.75,21321.5,4175.25
Michoacán de Ocampo,2020,Male,1267266.6666666667,2.4,1236876.3333333333,30390.333333333332,10283.0
Michoacán de Ocampo,2020,Female,751813.6666666666,2.4,733834.6666666666,17979.0,18419.0
Michoacán de Ocampo,2021,Male,1301324.0,2.2,1273143.25,28180.75,11139.0
Michoacán de Ocampo,2021,Female,791404.25,2.6,771102.25,20302.0,4773.0
Michoacán de Ocampo,2022,Male,1357682.5,1.6,1336468.0,21214.5,16585.0
Michoacán de Ocampo,2022,Female,876745.0,2.0,859591.75,17153.25,4813.0
Michoacán de Ocampo,2023,Male,1349921.0,1.8,1325738.5,24182.5,11839.25
Michoacán de Ocampo,2023,Female,889717.25,2.1,870663.5,19053.75,6439.5
Michoacán de Ocampo,2024,Male,1357417.5,1.8,1333001.0,24416.5,13876.25
Michoacán de Ocampo,2024,Female,914795.5,1.8,898752.25,16043.25,6952.0
Morelos,2014,Male,473576.0,4.3,453293.75,20282.25,5602.0
Morelos,2014,Female,325462.5,3.4,314380.5,11082.0,2386.25
Morelos,2015,Male,472000.0,3.9,453625.0,18375.0,4705.5
Morelos,2015,Female,318807.75,2.3,311448.5,7359.25,1782.75
Morelos,2016,Male,484127.5,3.0,469543.25,14584.25,6239.0
Morelos,2016,Female,319363.75,2.1,312770.75,6593.0,1670.25
Morelos,2017,Male,502899.0,2.3,491502.75,11396.25,8277.25
Morelos,2017,Female,312877.5,1.8,307392.0,5485.5,1399.75
Morelos,2018,Male,521027.75,2.4,508473.5,12554.25,6553.75
Morelos,2018,Female,314995.5,1.6,309833.5,5162.0,2304.75
Morelos,2019,Male,515140.0,2.6,501603.5,13536.5,6003.0
Morelos,2019,Female,333274.25,1.8,327225.5,6048.75,2633.0
Morelos,2020,Male,505383.3333333333,2.5,492656.6666666667,12726.666666666666,6613.0
Morelos,2020,Female,346676.3333333333,2.1,339293.0,7383.333333333333,2880.6666666666665
Morelos,2021,Male,509546.75,2.6,496368.0,13178.75,6031.5
Morelos,2021,Female,337201.5,2.0,330433.0,6768.5,2741.0
Morelos,2022,Male,505801.5,2.5,493128.25,12673.25,7948.75
Morelos,2022,Female,355178.75,2.0,348196.25,6982.5,2785.25
Morelos,2023,Male,513170.25,2.1,502196.75,10973.5,11530.25
Morelos,2023,Female,379758.0,1.5,374118.25,5639.75,4303.75
Morelos,2024,Male,514535.0,1.9,504999.75,9535.25,9233.25
Morelos,2024,Female,378886.75,1.7,372348.25,6538.5,4940.25
México,2014,Male,4471446.25,6.1,4196556.5,274889.75,55415.75
México,2014,Female,2564961.75,5.5,2424645.75,140316.0,15307.75
México,2015,Male,4463737.25,5.3,4227187.0,236550.25,51878.25
México,2015,Female,2711366.0,5.7,2557801.5,153564.5,11015.5
México,2016,Male,4402182.75,5.2,4174519.0,227663.75,44422.5
México,2016,Female,2746496.5,5.1,2607321.75,139174.75,18957.75
México,2017,Male,4511042.5,3.8,4341681.5,169361.0,45088.5
México,2017,Female,2765608.0,4.4,2644336.5,121271.5,22159.0
México,2018,Male,4601431.5,3.6,4435381.25,166050.25,55887.75
México,2018,Female,2887570.75,4.5,2757828.75,129742.0,29135.0
México,2019,Male,4658291.0,4.5,4449418.5,208872.5,52748.75
México,2019,Female,2951017.0,4.5,2817461.0,133556.0,30722.5
México,2020,Male,4521974.333333333,6.1,4246009.666666667,275964.6666666667,76775.33333333333
México,2020,Female,2794816.0,5.9,2628675.6666666665,166140.33333333334,19806.666666666664
México,2021,Male,4750568.5,5.7,4478499.0,272069.5,76702.25
México,2021,Female,2986447.5,5.8,2812651.25,173796.25,34497.75
México,2022,Male,4814314.75,4.8,4582198.25,232116.5,62187.25
México,2022,Female,3303892.0,4.5,3154028.5,149863.5,23464.5
México,2023,Male,4870025.0,3.7,4689216.75,180808.25,55965.25
México,2023,Female,3390057.5,3.5,3269840.75,120216.75,29053.25
México,2024,Male,4993593.5,3.5,4818221.0,175372.5,64645.5
México,2024,Female,3406545.0,3.4,3291533.25,115011.75,44283.5
Nayarit,2014,Male,320440.25,5.8,301712.75,18727.5,2585.75
Nayarit,2014,Female,211031.0,5.3,199822.5,11208.5,1153.75
Nayarit,2015,Male,329137.0,5.5,310891.25,18245.75,2414.5
Nayarit,2015,Female,216911.0,5.1,205817.25,11093.75,985.0
Nayarit,2016,Male,326141.5,3.9,313362.75,12778.75,2443.5
Nayarit,2016,Female,223766.25,4.1,214626.75,9139.5,962.75
Nayarit,2017,Male,339476.75,3.7,326787.0,12689.75,2573.25
Nayarit,2017,Female,223829.5,3.3,216347.0,7482.5,870.5
Nayarit,2018,Male,350684.0,4.4,335256.75,15427.25,3109.75
Nayarit,2018,Female,234493.75,3.3,226802.5,7691.25,1026.25
Nayarit,2019,Male,346805.25,4.1,332613.75,14191.5,3388.25
Nayarit,2019,Female,243859.0,3.7,234890.75,8968.25,1786.75
Nayarit,2020,Male,366578.0,4.8,349035.0,17543.0,2927.6666666666665
Nayarit,2020,Female,253099.33333333334,3.7,243806.66666666666,9292.666666666666,3935.6666666666665
Nayarit,2021,Male,378250.0,3.2,365965.0,12285.0,3284.25
Nayarit,2021,Female,244063.5,2.3,238568.75,5494.75,981.25
Nayarit,2022,Male,358984.75,2.9,348503.25,10481.5,3072.75
Nayarit,2022,Female,260048.25,2.3,254180.0,5868.25,1020.25
Nayarit,2023,Male,369935.5,2.3,361381.75,8553.75,3594.5
Nayarit,2023,Female,264582.5,1.8,259790.0,4792.5,2031.25
Nayarit,2024,Male,370922.0,2.3,362480.5,8441.5,2763.75
Nayarit,2024,Female,272012.5,2.1,266238.0,5774.5,2544.75
Nuevo León,2014,Male,1455722.5,4.8,1385963.75,69758.75,16751.0
Nuevo León,2014,Female,841255.25,6.0,790537.75,50717.5,2672.0
Nuevo León,2015,Male,1488423.25,4.2,1426595.5,61827.75,12941.25
Nuevo León,2015,Female,873023.5,5.4,826254.75,46768.75,5114.0
Nuevo León,2016,Male,1533904.0,3.9,1474265.75,59638.25,14206.5
Nuevo León,2016,Female,913869.25,4.9,868727.25,45142.0,5614.75
Nuevo León,2017,Male,1590999.25,3.6,1533458.5,57540.75,17367.5
Nuevo León,2017,Female,914003.25,4.1,876457.25,37546.0,6384.75
Nuevo León,2018,Male,1605775.75,3.6,1547817.75,57958.0,14585.75
Nuevo León,2018,Female,955215.75,3.6,921280.5,33935.25,5903.25
Nuevo León,2019,Male,1654799.25,3.7,1593038.0,61761.25,15310.25
Nuevo León,2019,Female,1008094.5,3.3,974990.0,33104.5,6745.25
Nuevo León,2020,Male,1708816.0,4.2,1637323.6666666667,71492.33333333333,13497.333333333332
Nuevo León,2020,Female,1035573.3333333334,4.8,986153.6666666666,49419.666666666664,6688.333333333334
Nuevo León,2021,Male,1780022.0,4.2,1706141.5,73880.5,20027.0
Nuevo León,2021,Female,1081864.5,5.0,1027494.75,54369.75,6362.5
Nuevo León,2022,Male,1783652.25,3.8,1716467.5,67184.75,14713.5
Nuevo León,2022,Female,1105554.25,4.1,1060561.75,44992.5,5843.25
Nuevo León,2023,Male,1794425.0,3.0,1740344.25,54080.75,20064.0
Nuevo León,2023,Female,1136761.75,3.2,1100024.5,36737.25,7032.75
Nuevo León,2024,Male,1816763.0,2.8,1766099.75,50663.25,17848.25
Nuevo León,2024,Female,1190923.25,3.1,1153564.25,37359.0,6105.5
Oaxaca,2014,Male,980670.5,3.3,948066.25,32604.25,7834.0
Oaxaca,2014,Female,640006.0,2.4,624757.25,15248.75,3012.25
Oaxaca,2015,Male,979113.0,3.1,949056.0,30057.0,8056.25
Oaxaca,2015,Female,641740.25,2.8,623977.75,17762.5,1833.5
Oaxaca,2016,Male,998957.75,2.1,978401.5,20556.25,6385.5
Oaxaca,2016,Female,652932.75,1.8,641106.75,11826.0,2260.25
Oaxaca,2017,Male,984893.5,2.3,962610.25,22283.25,6766.25
Oaxaca,2017,Female,646923.75,2.1,633552.5,13371.25,2421.25
Oaxaca,2018,Male,1020508.75,1.5,1005649.75,14859.0,9061.75
Oaxaca,2018,Female,669851.75,1.8,658017.25,11834.5,2601.0
Oaxaca,2019,Male,1027027.25,1.9,1007378.25,19649.0,7655.0
Oaxaca,2019,Female,791343.75,1.6,778497.0,12846.75,3210.25
Oaxaca,2020,Male,1056778.6666666667,2.1,1034706.3333333334,22072.333333333332,7585.0
Oaxaca,2020,Female,775775.3333333334,2.2,758491.6666666666,17283.666666666668,3575.3333333333335
Oaxaca,2021,Male,1071604.25,1.8,1052379.5,19224.75,6660.0
Oaxaca,2021,Female,762006.0,1.3,751883.75,10122.25,3112.75
Oaxaca,2022,Male,1081746.5,1.4,1066873.75,14872.75,10203.5
Oaxaca,2022,Female,829226.0,1.5,816849.25,12376.75,3179.25
Oaxaca,2023,Male,1126873.5,1.4,1111459.25,15414.25,12428.5
Oaxaca,2023,Female,787411.0,1.7,773747.5,13663.5,4703.0
Oaxaca,2024,Male,1105018.25,1.4,1089077.5,15940.75,10213.0
Oaxaca,2024,Female,767982.25,1.3,758143.0,9839.25,4753.0
Puebla,2014,Male,1611361.25,4.0,1547334.0,64027.25,13976.5
Puebla,2014,Female,1012281.75,3.8,973388.5,38893.25,5734.75
Puebla,2015,Male,1636673.0,3.0,1587253.5,49419.5,17274.5
Puebla,2015,Female,1019779.25,3.5,984048.75,35730.5,5133.5
Puebla,2016,Male,1693020.75,2.9,1644352.0,48668.75,20159.75
Puebla,2016,Female,1056275.75,3.1,1023974.75,32301.0,5843.75
Puebla,2017,Male,1734886.75,2.5,1691288.0,43598.75,23597.5
Puebla,2017,Female,1108135.75,3.1,1073575.75,34560.0,7553.25
Puebla,2018,Male,1753306.75,2.6,1707483.75,45823.0,24640.25
Puebla,2018,Female,1107969.5,2.5,1080766.25,27203.25,8842.75
Puebla,2019,Male,1802964.25,2.5,1757924.5,45039.75,24955.5
Puebla,2019,Female,1169756.5,2.9,1136294.5,33462.0,8322.75
Puebla,2020,Male,1772600.3333333333,4.9,1685956.3333333333,86644.0,16548.0
Puebla,2020,Female,1144608.0,3.9,1100431.0,44177.0,7972.0
Puebla,2021,Male,1795497.25,3.9,1725412.0,70085.25,22495.25
Puebla,2021,Female,1191047.0,3.8,1145326.75,45720.25,8132.5
Puebla,2022,Male,1836491.75,3.0,1781929.0,54562.75,23502.75
Puebla,2022,Female,1194916.5,2.8,1161868.5,33048.0,8189.75
Puebla,2023,Male,1803760.0,2.5,1757973.0,45787.0,25056.5
Puebla,2023,Female,1273639.25,2.2,1245254.0,28385.25,8531.25
Puebla,2024,Male,1808752.5,2.3,1766310.25,42442.25,25189.75
Puebla,2024,Female,1275035.0,2.1,1248808.0,26227.0,11279.0
Querétaro,2014,Male,495988.25,7.0,461485.5,34502.75,9124.25
Querétaro,2014,Female,298271.25,3.9,286694.75,11576.5,3480.25
Querétaro,2015,Male,523296.5,5.5,494288.5,29008.0,7804.75
Querétaro,2015,Female,317678.0,3.4,307035.25,10642.75,3101.75
Querétaro,2016,Male,538534.0,5.2,510429.5,28104.5,9494.5
Querétaro,2016,Female,320606.5,3.1,310559.75,10046.75,2740.75
Querétaro,2017,Male,555130.25,5.0,527297.0,27833.25,10332.5
Querétaro,2017,Female,326887.5,3.1,316652.25,10235.25,4364.75
Querétaro,2018,Male,586010.0,4.2,561308.75,24701.25,11184.25
Querétaro,2018,Female,358421.0,3.0,347594.25,10826.75,3783.25
Querétaro,2019,Male,600278.5,4.9,570866.75,29411.75,15313.75
Querétaro,2019,Female,371532.5,3.4,358978.0,12554.5,6503.0
Querétaro,2020,Male,627855.3333333334,7.2,582852.0,45003.333333333336,12583.666666666668
Querétaro,2020,Female,397674.3333333333,4.6,379299.6666666667,18374.666666666668,6682.666666666666
Querétaro,2021,Male,645209.25,6.1,606131.25,39078.0,9059.5
Querétaro,2021,Female,407526.75,4.5,389004.75,18522.0,5293.5
Querétaro,2022,Male,643419.5,4.4,615378.5,28041.0,10392.25
Querétaro,2022,Female,421641.5,3.0,408856.5,12785.0,4648.25
Querétaro,2023,Male,671944.75,3.4,649079.5,22865.25,14611.5
Querétaro,2023,Female,488011.75,2.2,477281.75,10730.0,6356.75
Querétaro,2024,Male,687123.25,2.8,667643.0,19480.25,12832.5
Querétaro,2024,Female,520371.75,2.0,510151.0,10220.75,7759.75
Quintana Roo,2014,Male,474546.75,4.6,452833.75,21713.0,5590.5
Quintana Roo,2014,Female,279817.75,5.8,263658.0,16159.75,1178.5
Quintana Roo,2015,Male,489851.25,3.9,470819.5,19031.75,6324.75
Quintana Roo,2015,Female,303411.5,4.2,290602.0,12809.5,1371.25
Quintana Roo,2016,Male,517956.5,3.3,500723.5,17233.0,7466.75
Quintana Roo,2016,Female,320704.75,3.2,310561.0,10143.75,1462.5
Quintana Roo,2017,Male,532193.25,3.0,516156.5,16036.75,6972.75
Quintana Roo,2017,Female,326808.0,3.4,315599.75,11208.25,2431.75
Quintana Roo,2018,Male,559883.75,2.8,544021.75,15862.0,6670.0
Quintana Roo,2018,Female,343072.5,2.6,334107.0,8965.5,2915.75
Quintana Roo,2019,Male,570078.0,3.2,551916.25,18161.75,8037.25
Quintana Roo,2019,Female,357155.75,2.9,346790.75,10365.0,3072.25
Quintana Roo,2020,Male,543602.3333333334,7.0,505795.3333333333,37807.0,6795.333333333334
Quintana Roo,2020,Female,332402.3333333333,7.4,307965.0,24437.333333333332,2518.3333333333335
Quintana Roo,2021,Male,581283.0,5.9,546726.75,34556.25,6224.75
Quintana Roo,2021,Female,345594.75,5.7,325763.5,19831.25,3379.75
Quintana Roo,2022,Male,591767.75,2.8,575025.25,16742.5,8222.0
Quintana Roo,2022,Female,370752.0,2.5,361665.0,9087.0,3204.0
Quintana Roo,2023,Male,594979.25,2.6,579727.0,15252.25,10618.0
Quintana Roo,2023,Female,396864.75,2.6,386622.75,10242.0,3236.25
Quintana Roo,2024,Male,590528.0,2.5,575520.0,15008.0,7521.0
Quintana Roo,2024,Female,402179.75,2.5,392170.75,10009.0,2344.25
San Luis Potosí,2014,Male,705852.5,3.1,683939.0,21913.5,3544.75
San Luis Potosí,2014,Female,407436.25,3.2,394541.25,12895.0,1499.0
San Luis Potosí,2015,Male,716744.5,2.9,695908.75,20835.75,4631.25
San Luis Potosí,2015,Female,426897.25,3.2,413432.5,13464.75,2920.25
San Luis Potosí,2016,Male,738737.75,2.4,721003.0,17734.75,7206.0
San Luis Potosí,2016,Female,447297.75,2.6,435522.0,11775.75,2596.5
San Luis Potosí,2017,Male,753149.25,2.5,734489.0,18660.25,6814.0
San Luis Potosí,2017,Female,445981.5,2.2,436018.25,9963.25,3359.0
San Luis Potosí,2018,Male,770020.75,2.5,751052.5,18968.25,8319.0
San Luis Potosí,2018,Female,446515.5,2.6,435041.25,11474.25,3084.25
San Luis Potosí,2019,Male,770831.25,2.6,750823.25,20008.0,5838.25
San Luis Potosí,2019,Female,469753.25,2.8,456717.5,13035.75,3621.0
San Luis Potosí,2020,Male,769907.6666666666,3.2,745643.3333333334,24264.333333333332,5382.666666666667
San Luis Potosí,2020,Female,466792.3333333333,3.0,452716.0,14076.333333333334,2676.6666666666665
San Luis Potosí,2021,Male,772322.25,3.4,746097.25,26225.0,7153.25
San Luis Potosí,2021,Female,513510.0,3.4,496169.5,17340.5,3721.75
San Luis Potosí,2022,Male,787625.5,3.0,764153.75,23471.75,7113.25
San Luis Potosí,2022,Female,503384.25,3.2,487063.0,16321.25,2443.0
San Luis Potosí,2023,Male,791743.75,2.9,768672.5,23071.25,9107.0
San Luis Potosí,2023,Female,541250.5,2.5,527601.75,13648.75,2306.25
San Luis Potosí,2024,Male,788717.75,3.2,763187.75,25530.0,7360.5
San Luis Potosí,2024,Female,551073.25,2.5,537192.25,13881.0,2925.75
Sinaloa,2014,Male,781194.0,4.8,743774.0,37420.0,6480.0
Sinaloa,2014,Female,502952.0,5.7,474133.5,28818.5,1724.0
Sinaloa,2015,Male,805042.75,4.1,771653.25,33389.5,11078.0
Sinaloa,2015,Female,512901.25,4.6,489413.75,23487.5,1809.5
Sinaloa,2016,Male,808905.5,3.4,781690.75,27214.75,6826.0
Sinaloa,2016,Female,527062.25,4.4,504064.5,22997.75,1708.0
Sinaloa,2017,Male,816365.75,3.6,786876.0,29489.75,5805.5
Sinaloa,2017,Female,536379.25,3.7,516295.25,20084.0,2090.25
Sinaloa,2018,Male,816769.0,3.0,792225.25,24543.75,7425.75
Sinaloa,2018,Female,548286.25,3.5,529340.75,18945.5,1574.25
Sinaloa,2019,Male,840107.25,3.3,812090.0,28017.25,8289.0
Sinaloa,2019,Female,549439.25,3.1,532436.5,17002.75,2790.25
Sinaloa,2020,Male,808466.3333333334,3.9,777198.6666666666,31267.666666666668,6836.666666666667
Sinaloa,2020,Female,506480.3333333333,2.9,491866.3333333333,14614.0,1730.3333333333333
Sinaloa,2021,Male,835495.5,2.6,814013.5,21482.0,7004.0
Sinaloa,2021,Female,525565.5,2.8,510611.25,14954.25,3646.0
Sinaloa,2022,Male,859452.5,2.7,836341.5,23111.0,9287.25
Sinaloa,2022,Female,561537.0,3.3,543001.0,18536.0,4451.75
Sinaloa,2023,Male,875608.25,2.3,855568.25,20040.0,8210.25
Sinaloa,2023,Female,611804.5,2.5,596417.75,15386.75,2519.75
Sinaloa,2024,Male,847906.25,2.2,829435.75,18470.5,7018.0
Sinaloa,2024,Female,632082.25,2.4,616765.25,15317.0,2154.75
Sonora,2014,Male,780091.0,4.9,741584.75,38506.25,9698.25
Sonora,2014,Female,529966.0,6.4,496064.25,33901.75,1575.0
Sonora,2015,Male,785214.75,4.5,749600.5,35614.25,8356.25
Sonora,2015,Female,534815.25,5.5,505609.5,29205.75,1782.25
Sonora,2016,Male,799915.5,4.2,766066.5,33849.0,10022.75
Sonora,2016,Female,539328.75,6.2,506078.75,33250.0,2928.25
Sonora,2017,Male,808227.25,3.4,780826.25,27401.0,9918.75
Sonora,2017,Female,533660.75,4.3,510601.25,23059.5,3475.25
Sonora,2018,Male,818612.0,3.6,789105.0,29507.0,9698.25
Sonora,2018,Female,550436.0,3.8,529290.75,21145.25,2744.5
Sonora,2019,Male,843653.75,4.4,806413.5,37240.25,10112.0
Sonora,2019,Female,565882.75,4.1,542701.25,23181.5,3042.25
Sonora,2020,Male,823722.6666666666,5.6,777525.3333333334,46197.333333333336,6677.333333333333
Sonora,2020,Female,527373.0,4.8,502260.6666666667,25112.333333333332,2357.0
Sonora,2021,Male,832178.25,3.6,802315.75,29862.5,6938.25
Sonora,2021,Female,580867.75,4.2,556608.25,24259.5,2987.5
Sonora,2022,Male,847753.5,2.9,823356.25,24397.25,9381.25
Sonora,2022,Female,591746.5,3.3,571932.0,19814.5,3406.5
Sonora,2023,Male,869104.25,2.4,847863.25,21241.0,8727.25
Sonora,2023,Female,608207.0,3.3,588069.5,20137.5,2941.5
Sonora,2024,Male,840050.5,3.2,813563.0,26487.5,8132.0
Sonora,2024,Female,613499.25,3.2,593756.25,19743.0,3844.5
Tabasco,2014,Male,624992.75,6.3,585868.25,39124.5,3781.75
Tabasco,2014,Female,320824.75,6.9,298800.5,22024.25,1142.75
Tabasco,2015,Male,608698.25,7.1,565282.25,43416.0,4583.5
Tabasco,2015,Female,333473.25,6.0,313326.0,20147.25,1226.5
Tabasco,2016,Male,626666.0,7.5,579706.75,46959.25,3750.0
Tabasco,2016,Female,341587.25,7.4,316398.25,25189.0,1184.0
Tabasco,2017,Male,628217.0,6.9,585032.25,43184.75,5233.5
Tabasco,2017,Female,321555.75,7.2,298300.25,23255.5,1735.75
Tabasco,2018,Male,627879.0,7.3,582016.0,45863.0,5455.0
Tabasco,2018,Female,337127.5,7.1,313234.5,23893.0,1557.0
Tabasco,2019,Male,648585.0,6.5,606178.75,42406.25,6402.75
Tabasco,2019,Female,367600.5,8.0,338170.5,29430.0,1249.5
Tabasco,2020,Male,618580.0,6.5,578069.6666666666,40510.333333333336,5266.333333333334
Tabasco,2020,Female,339273.6666666667,7.3,314416.0,24857.666666666668,1066.3333333333333
Tabasco,2021,Male,637362.75,5.6,601496.25,35866.5,6657.0
Tabasco,2021,Female,356976.5,6.2,334978.0,21998.5,1595.0
Tabasco,2022,Male,666582.25,4.8,634664.75,31917.5,5970.75
Tabasco,2022,Female,381378.25,5.3,361260.0,20118.25,2059.0
Tabasco,2023,Male,692451.75,3.6,667318.5,25133.25,7569.0
Tabasco,2023,Female,410127.25,4.4,391954.5,18172.75,2980.0
Tabasco,2024,Male,713645.0,3.6,687631.25,26013.75,6213.25
Tabasco,2024,Female,409153.5,4.6,390238.0,18915.5,1607.0
Tamaulipas,2014,Male,904977.25,4.9,861017.75,43959.5,4764.25
Tamaulipas,2014,Female,587359.0,6.0,551922.75,35436.25,1651.75
Tamaulipas,2015,Male,901631.0,4.4,861908.25,39722.75,6756.5
Tamaulipas,2015,Female,600911.25,5.5,567909.75,33001.5,2398.25
Tamaulipas,2016,Male,923539.5,4.2,885028.75,38510.75,8252.0
Tamaulipas,2016,Female,631462.25,5.4,597079.5,34382.75,2101.0
Tamaulipas,2017,Male,943969.75,3.8,907728.0,36241.75,5836.5
Tamaulipas,2017,Female,612686.25,4.7,583945.25,28741.0,1130.0
Tamaulipas,2018,Male,975485.5,3.4,942016.0,33469.5,8533.0
Tamaulipas,2018,Female,627851.5,4.6,599181.5,28670.0,4177.0
Tamaulipas,2019,Male,985231.0,3.2,953600.5,31630.5,7269.5
Tamaulipas,2019,Female,648891.75,3.9,623828.25,25063.5,3793.25
Tamaulipas,2020,Male,949025.0,3.5,915542.3333333334,33482.666666666664,4562.666666666667
Tamaulipas,2020,Female,628039.0,3.3,607626.0,20413.0,2163.333333333333
Tamaulipas,2021,Male,985103.25,3.7,948483.5,36619.75,8037.75
Tamaulipas,2021,Female,660353.0,3.2,639240.75,21112.25,2100.0
Tamaulipas,2022,Male,1001727.5,3.3,968405.0,33322.5,7545.5
Tamaulipas,2022,Female,659968.25,3.7,635310.75,24657.5,4179.25
Tamaulipas,2023,Male,1009799.5,3.0,979395.5,30404.0,7421.0
Tamaulipas,2023,Female,681927.5,3.3,659453.5,22474.0,2613.25
Tamaulipas,2024,Male,988137.0,3.1,957212.25,30924.75,8811.75
Tamaulipas,2024,Female,694697.5,3.3,671467.5,23230.0,2065.75
Tlaxcala,2014,Male,318335.0,4.9,302784.75,15550.25,2592.0
Tlaxcala,2014,Female,213246.75,6.2,200062.5,13184.25,853.25
Tlaxcala,2015,Male,330287.0,4.4,315838.0,14449.0,3584.0
Tlaxcala,2015,Female,216121.5,5.6,203933.0,12188.5,1033.0
Tlaxcala,2016,Male,335538.5,3.6,323388.5,12150.0,3525.75
Tlaxcala,2016,Female,224645.5,4.9,213724.75,10920.75,1413.25
Tlaxcala,2017,Male,340552.0,3.2,329710.25,10841.75,3262.25
Tlaxcala,2017,Female,227446.75,4.6,217068.5,10378.25,1196.25
Tlaxcala,2018,Male,348506.25,3.3,336854.25,11652.0,3497.25
Tlaxcala,2018,Female,232799.75,4.2,222931.5,9868.25,1224.25
Tlaxcala,2019,Male,356998.25,3.2,345419.25,11579.0,3065.5
Tlaxcala,2019,Female,250195.0,4.4,239079.25,11115.75,1332.0
Tlaxcala,2020,Male,353654.0,4.8,336771.3333333333,16882.666666666668,3540.3333333333335
Tlaxcala,2020,Female,239801.33333333334,6.1,225146.33333333334,14655.0,1203.3333333333333
Tlaxcala,2021,Male,360183.25,4.9,342587.75,17595.5,4421.75
Tlaxcala,2021,Female,253375.25,5.7,239046.75,14328.5,1678.0
Tlaxcala,2022,Male,372638.5,3.3,360278.5,12360.0,3778.0
Tlaxcala,2022,Female,262423.0,4.6,250461.0,11962.0,2193.25
Tlaxcala,2023,Male,388430.0,3.0,376914.75,11515.25,4016.0
Tlaxcala,2023,Female,276521.5,3.9,265855.25,10666.25,2106.25
Tlaxcala,2024,Male,397005.5,2.8,386039.25,10966.25,4376.5
Tlaxcala,2024,Female,288363.75,3.2,279150.5,9213.25,1699.5
Veracruz de Ignacio de la Llave,2014,Male,2046488.5,3.6,1973335.0,73153.5,15805.0
Veracruz de Ignacio de la Llave,2014,Female,1037705.25,3.7,999390.25,38315.0,5584.25
Veracruz de Ignacio de la Llave,2015,Male,2077120.25,4.0,1994173.25,82947.0,20589.0
Veracruz de Ignacio de la Llave,2015,Female,1034641.0,3.2,1002008.75,32632.25,5732.25
Veracruz de Ignacio de la Llave,2016,Male,2045701.0,3.9,1965456.25,80244.75,18496.25
Veracruz de Ignacio de la Llave,2016,Female,989082.25,2.8,961626.5,27455.75,4724.75
Veracruz de Ignacio de la Llave,2017,Male,2077763.5,3.5,2004566.5,73197.0,15216.5
Veracruz de Ignacio de la Llave,2017,Female,1036790.0,3.6,999903.5,36886.5,3181.0
Veracruz de Ignacio de la Llave,2018,Male,2133274.75,3.0,2069849.25,63425.5,23017.0
Veracruz de Ignacio de la Llave,2018,Female,1063915.25,3.1,1031142.25,32773.0,6854.75
Veracruz de Ignacio de la Llave,2019,Male,2094816.5,2.8,2035119.0,59697.5,14133.75
Veracruz de Ignacio de la Llave,2019,Female,1170095.5,3.1,1133463.75,36631.75,7682.0
Veracruz de Ignacio de la Llave,2020,Male,2085937.3333333333,2.9,2024409.6666666667,61527.666666666664,13650.333333333332
Veracruz de Ignacio de la Llave,2020,Female,1214830.6666666667,2.9,1179566.6666666667,35264.0,2260.3333333333335
Veracruz de Ignacio de la Llave,2021,Male,2150430.25,3.4,2077886.75,72543.5,27201.75
Veracruz de Ignacio de la Llave,2021,Female,1207721.5,3.4,1166509.25,41212.25,6258.0
Veracruz de Ignacio de la Llave,2022,Male,2106831.5,2.4,2055832.5,50999.0,24176.25
Veracruz de Ignacio de la Llave,2022,Female,1262304.75,3.3,1221187.25,41117.5,9168.25
Veracruz de Ignacio de la Llave,2023,Male,2161977.5,2.0,2118261.5,43716.0,20197.0
Veracruz de Ignacio de la Llave,2023,Female,1328252.75,2.2,1298414.25,29838.5,11662.5
Veracruz de Ignacio de la Llave,2024,Male,2174167.25,2.3,2123179.75,50987.5,21342.25
Veracruz de Ignacio de la Llave,2024,Female,1352685.25,1.7,1329550.75,23134.5,7515.75
Yucatán,2014,Male,601266.25,2.3,587326.0,13940.25,5667.5
Yucatán,2014,Female,384631.75,3.2,372208.5,12423.25,1619.5
Yucatán,2015,Male,618865.75,2.4,603918.75,14947.0,4651.5
Yucatán,2015,Female,391789.0,2.9,380326.5,11462.5,1590.5
Yucatán,2016,Male,627254.25,1.8,616104.75,11149.5,7380.75
Yucatán,2016,Female,413154.5,2.3,403593.75,9560.75,1026.5
Yucatán,2017,Male,635079.75,1.9,623105.25,11974.5,7194.0
Yucatán,2017,Female,428920.75,2.3,418979.75,9941.0,2097.5
Yucatán,2018,Male,657570.5,1.6,646742.25,10828.25,6388.75
Yucatán,2018,Female,439672.75,2.0,430850.5,8822.25,1836.0
Yucatán,2019,Male,681507.0,1.5,671098.5,10408.5,7065.75
Yucatán,2019,Female,452377.25,2.4,441296.5,11080.75,1985.75
Yucatán,2020,Male,704228.3333333334,2.7,685543.3333333334,18685.0,6088.666666666666
Yucatán,2020,Female,437689.6666666667,2.9,425189.3333333333,12500.333333333334,1944.3333333333335
Yucatán,2021,Male,701986.5,2.2,686569.0,15417.5,7364.75
Yucatán,2021,Female,478308.5,2.9,464463.0,13845.5,3618.75
Yucatán,2022,Male,716468.25,1.7,704591.75,11876.5,8332.0
Yucatán,2022,Female,505323.5,2.4,493121.0,12202.5,4083.0
Yucatán,2023,Male,708632.5,1.5,697822.25,10810.25,7514.5
Yucatán,2023,Female,513177.25,2.3,501411.25,11766.0,3552.25
Yucatán,2024,Male,713780.0,1.5,702911.25,10868.75,7988.25
Yucatán,2024,Female,518317.75,2.1,507544.25,10773.5,3531.5
Zacatecas,2014,Male,401478.5,4.7,382447.75,19030.75,2453.25
Zacatecas,2014,Female,213551.25,4.8,203248.5,10302.75,829.75
Zacatecas,2015,Male,405030.0,3.6,390444.25,14585.75,2568.0
Zacatecas,2015,Female,218659.25,3.6,210778.25,7881.0,633.25
Zacatecas,2016,Male,409306.5,2.7,398428.5,10878.0,3497.25
Zacatecas,2016,Female,226133.75,3.2,218856.75,7277.0,824.5
Zacatecas,2017,Male,418467.5,2.6,407677.0,10790.5,2469.75
Zacatecas,2017,Female,232915.5,3.2,225542.0,7373.5,760.75
Zacatecas,2018,Male,422115.0,2.7,410881.75,11233.25,3196.75
Zacatecas,2018,Female,231458.0,3.4,223512.75,7945.25,989.25
Zacatecas,2019,Male,426433.5,2.9,414199.75,12233.75,2744.5
Zacatecas,2019,Female,248520.25,3.4,240100.0,8420.25,839.75
Zacatecas,2020,Male,430590.0,3.2,416856.6666666667,13733.333333333334,2507.3333333333335
Zacatecas,2020,Female,256704.33333333334,4.8,244311.0,12393.333333333334,1143.6666666666667
Zacatecas,2021,Male,429896.25,3.1,416610.75,13285.5,2727.0
Zacatecas,2021,Female,267079.5,4.2,255988.0,11091.5,1790.5
Zacatecas,2022,Male,428476.25,2.6,417485.75,10990.5,3499.5
Zacatecas,2022,Female,263987.75,3.2,255598.75,8389.0,800.75
Zacatecas,2023,Male,423506.0,2.8,411837.5,11668.5,3549.25
Zacatecas,2023,Female,265745.75,3.0,257670.0,8075.75,1213.5
Zacatecas,2024,Male,427544.25,2.2,418078.25,9466.0,2642.0
Zacatecas,2024,Female,264835.75,3.5,255551.75,9284.0,1147.25
